id,run_id,topic_id,event_type,payload,created_at
1,,,connection_test,"{""message"":""Supabase connection works""}",2026-05-01 11:47:52.614363+00
2,20260501_115533_mlf_001,mlf_001,evaluation_complete,"{""scores"":{""communication"":3,""conceptual_clarity"":3,""architect_reasoning"":3,""practical_reasoning"":3},""status"":""completed"",""decision"":""borderline"",""reward_summary"":{""run_id"":""20260501_115533_mlf_001"",""decision"":""borderline"",""topic_id"":""mlf_001"",""total_xp"":80,""xp_earned"":40,""best_stars"":3,""topic_title"":""What machine learning is actually learning"",""stars_earned"":3,""badges_awarded"":[],""best_completion_streak"":0,""current_completion_streak"":0},""unlocked_topics"":[""mlf_002""]}",2026-05-01 12:13:12.219487+00
3,20260501_121700_mlf_002,mlf_002,evaluation_complete,"{""scores"":{""communication"":3,""conceptual_clarity"":3,""architect_reasoning"":2,""practical_reasoning"":3},""status"":""completed"",""decision"":""borderline"",""reward_summary"":{""run_id"":""20260501_121700_mlf_002"",""decision"":""borderline"",""topic_id"":""mlf_002"",""total_xp"":120,""xp_earned"":40,""best_stars"":3,""topic_title"":""Features vs labels"",""stars_earned"":3,""badges_awarded"":[],""best_completion_streak"":0,""current_completion_streak"":0},""unlocked_topics"":[""mlf_003""]}",2026-05-02 07:20:24.961554+00
4,20260502_072407_mlf_003,mlf_003,evaluation_complete,"{""scores"":{""communication"":3,""conceptual_clarity"":3,""architect_reasoning"":3,""practical_reasoning"":3},""status"":""completed"",""decision"":""borderline"",""reward_summary"":{""run_id"":""20260502_072407_mlf_003"",""decision"":""borderline"",""topic_id"":""mlf_003"",""total_xp"":160,""xp_earned"":40,""best_stars"":3,""topic_title"":""Training data vs test data"",""stars_earned"":3,""badges_awarded"":[],""best_completion_streak"":0,""current_completion_streak"":0},""unlocked_topics"":[""mlf_004"",""mlf_005""]}",2026-05-02 13:17:30.211769+00
5,20260502_212052_mlf_004,mlf_004,evaluation_complete,"{""scores"":{""communication"":3,""conceptual_clarity"":3,""architect_reasoning"":2,""practical_reasoning"":3},""status"":""completed"",""decision"":""borderline"",""reward_summary"":{""run_id"":""20260502_212052_mlf_004"",""decision"":""borderline"",""topic_id"":""mlf_004"",""total_xp"":200,""xp_earned"":40,""best_stars"":3,""topic_title"":""What a baseline really is"",""stars_earned"":3,""badges_awarded"":[],""best_completion_streak"":0,""current_completion_streak"":0},""unlocked_topics"":[""mlf_009""]}",2026-05-02 21:39:08.674427+00
6,20260503_120911_mlf_005,mlf_005,evaluation_complete,"{""scores"":{""communication"":1,""conceptual_clarity"":1,""architect_reasoning"":1,""practical_reasoning"":1},""status"":""fail_prereq"",""decision"":""fail_prereq"",""reward_summary"":{""run_id"":""20260503_120911_mlf_005"",""decision"":""fail_prereq"",""topic_id"":""mlf_005"",""total_xp"":212,""xp_earned"":12,""best_stars"":1,""topic_title"":""Generalization"",""stars_earned"":1,""badges_awarded"":[],""best_completion_streak"":0,""current_completion_streak"":0},""unlocked_topics"":[]}",2026-05-03 12:16:24.588698+00
7,20260503_121931_mlf_004,mlf_004,evaluation_complete,"{""scores"":{""communication"":3,""conceptual_clarity"":3,""architect_reasoning"":2,""practical_reasoning"":3},""status"":""completed"",""decision"":""borderline"",""reward_summary"":{""run_id"":""20260503_121931_mlf_004"",""decision"":""borderline"",""topic_id"":""mlf_004"",""total_xp"":252,""completed"":true,""xp_earned"":40,""best_stars"":3,""topic_title"":""What a baseline really is"",""badge_labels"":"""",""stars_earned"":3,""badges_awarded"":[],""best_completion_streak"":5,""current_completion_streak"":1},""unlocked_topics"":[""mlf_005""]}",2026-05-03 17:30:07.920566+00
8,20260503_173918_mlf_001,mlf_001,evaluation_complete,"{""scores"":{""communication"":3,""conceptual_clarity"":3,""architect_reasoning"":3,""practical_reasoning"":3},""status"":""completed"",""decision"":""borderline"",""reward_summary"":{""run_id"":""20260503_173918_mlf_001"",""decision"":""borderline"",""topic_id"":""mlf_001"",""total_xp"":292,""completed"":true,""xp_earned"":40,""best_stars"":3,""topic_title"":""What machine learning is actually learning"",""badge_labels"":"""",""stars_earned"":3,""badges_awarded"":[],""best_completion_streak"":5,""current_completion_streak"":2},""unlocked_topics"":[""mlf_002""]}",2026-05-03 19:05:27.357841+00
9,20260508_081616_mlf_005,mlf_005,lesson_started,"{""phase"":""awaiting_user_answers"",""status"":""in_progress"",""selection_mode"":""next_unlocked""}",2026-05-08 08:16:59.776731+00
10,20260508_081616_mlf_005,mlf_005,evaluation_complete,"{""scores"":{""communication"":3,""conceptual_clarity"":3,""architect_reasoning"":3,""practical_reasoning"":3},""status"":""completed"",""decision"":""borderline"",""reward_summary"":{""run_id"":""20260508_081616_mlf_005"",""decision"":""borderline"",""topic_id"":""mlf_005"",""total_xp"":332,""completed"":true,""xp_earned"":40,""best_stars"":3,""topic_title"":""Generalization"",""badge_labels"":""Level Clear: mlf_005, Three-Star Scholar, Clear Streak x3"",""stars_earned"":3,""badges_awarded"":[{""id"":""level_clear_mlf_005"",""label"":""Level Clear: mlf_005"",""description"":""Completed Generalization.""},{""id"":""three_star_scholar"",""label"":""Three-Star Scholar"",""description"":""Earned at least 3 stars on a level.""},{""id"":""clear_streak_3"",""label"":""Clear Streak x3"",""description"":""Completed 3 lessons in a row.""}],""best_completion_streak"":4,""current_completion_streak"":3},""unlocked_topics"":[""mlf_006""]}",2026-05-08 16:55:03.589511+00
11,20260508_170156_mlf_006,mlf_006,lesson_started,"{""phase"":""awaiting_user_answers"",""status"":""in_progress"",""selection_mode"":""next_unlocked""}",2026-05-08 17:03:02.592564+00
12,20260508_170156_mlf_006,mlf_006,evaluation_complete,"{""scores"":{""communication"":3,""conceptual_clarity"":3,""architect_reasoning"":3,""practical_reasoning"":3},""status"":""completed"",""decision"":""borderline"",""reward_summary"":{""run_id"":""20260508_170156_mlf_006"",""decision"":""borderline"",""topic_id"":""mlf_006"",""total_xp"":372,""completed"":true,""xp_earned"":40,""best_stars"":3,""topic_title"":""Overfitting vs underfitting"",""badge_labels"":""Level Clear: mlf_006, Three-Star Scholar, Clear Streak x3"",""stars_earned"":3,""badges_awarded"":[{""id"":""level_clear_mlf_006"",""label"":""Level Clear: mlf_006"",""description"":""Completed Overfitting vs underfitting.""},{""id"":""three_star_scholar"",""label"":""Three-Star Scholar"",""description"":""Earned at least 3 stars on a level.""},{""id"":""clear_streak_3"",""label"":""Clear Streak x3"",""description"":""Completed 3 lessons in a row.""}],""best_completion_streak"":4,""current_completion_streak"":4},""unlocked_topics"":[""mlf_007""]}",2026-05-08 17:35:23.687029+00
13,20260508_175037_mlf_007,mlf_007,lesson_started,"{""phase"":""awaiting_user_answers"",""status"":""in_progress"",""selection_mode"":""next_unlocked""}",2026-05-08 17:51:26.617265+00
14,20260509_105718_mlf_007,mlf_007,lesson_started,"{""phase"":""awaiting_user_answers"",""status"":""in_progress"",""selection_mode"":""next_unlocked""}",2026-05-09 10:58:24.905229+00
15,20260509_105718_mlf_007,mlf_007,evaluation_complete,"{""scores"":{""communication"":3,""conceptual_clarity"":3,""architect_reasoning"":3,""practical_reasoning"":2},""status"":""completed"",""decision"":""borderline"",""reward_summary"":{""run_id"":""20260509_105718_mlf_007"",""decision"":""borderline"",""topic_id"":""mlf_007"",""total_xp"":412,""completed"":true,""xp_earned"":40,""best_stars"":3,""topic_title"":""Data leakage"",""badge_labels"":""Level Clear: mlf_007, Three-Star Scholar, Clear Streak x3"",""stars_earned"":3,""badges_awarded"":[{""id"":""level_clear_mlf_007"",""label"":""Level Clear: mlf_007"",""description"":""Completed Data leakage.""},{""id"":""three_star_scholar"",""label"":""Three-Star Scholar"",""description"":""Earned at least 3 stars on a level.""},{""id"":""clear_streak_3"",""label"":""Clear Streak x3"",""description"":""Completed 3 lessons in a row.""}],""best_completion_streak"":5,""current_completion_streak"":5},""unlocked_topics"":[""mlf_008""],""practice_summary"":{}}",2026-05-09 12:42:32.466229+00
16,20260509_124418_mlf_008,mlf_008,lesson_started,"{""phase"":""awaiting_user_answers"",""status"":""in_progress"",""selection_mode"":""next_unlocked""}",2026-05-09 12:44:58.975129+00
17,20260509_124418_mlf_008,mlf_008,evaluation_complete,"{""scores"":{""communication"":3,""conceptual_clarity"":3,""architect_reasoning"":3,""practical_reasoning"":2},""status"":""completed"",""decision"":""borderline"",""reward_summary"":{""run_id"":""20260509_124418_mlf_008"",""decision"":""borderline"",""topic_id"":""mlf_008"",""total_xp"":452,""completed"":true,""xp_earned"":40,""best_stars"":3,""topic_title"":""Bias vs variance"",""badge_labels"":""Level Clear: mlf_008, Three-Star Scholar, Clear Streak x3"",""stars_earned"":3,""badges_awarded"":[{""id"":""level_clear_mlf_008"",""label"":""Level Clear: mlf_008"",""description"":""Completed Bias vs variance.""},{""id"":""three_star_scholar"",""label"":""Three-Star Scholar"",""description"":""Earned at least 3 stars on a level.""},{""id"":""clear_streak_3"",""label"":""Clear Streak x3"",""description"":""Completed 3 lessons in a row.""}],""best_completion_streak"":6,""current_completion_streak"":6},""unlocked_topics"":[""mlf_009""],""practice_summary"":{}}",2026-05-09 14:32:42.963926+00
18,20260509_150436_mlf_009,mlf_009,lesson_started,"{""phase"":""awaiting_user_answers"",""status"":""in_progress"",""selection_mode"":""next_unlocked""}",2026-05-09 15:05:10.416732+00
19,20260510_081818_mlf_009,mlf_009,lesson_started,"{""phase"":""awaiting_user_answers"",""status"":""in_progress"",""selection_mode"":""next_unlocked""}",2026-05-10 08:19:13.635266+00
20,20260510_081818_mlf_009,mlf_009,draft_verified,"{""weak_count"":1,""partial_count"":3,""likely_average"":3,""recommendation"":""Do not submit yet. Fix the weak drafts first.""}",2026-05-10 09:38:24.306633+00
21,20260510_081818_mlf_009,mlf_009,evaluation_complete,"{""scores"":{""communication"":3,""conceptual_clarity"":3,""architect_reasoning"":2,""practical_reasoning"":2},""status"":""completed"",""decision"":""borderline"",""reward_summary"":{""run_id"":""20260510_081818_mlf_009"",""decision"":""borderline"",""topic_id"":""mlf_009"",""total_xp"":487,""completed"":true,""xp_earned"":35,""best_stars"":2,""topic_title"":""Why accuracy can lie"",""badge_labels"":""Level Clear: mlf_009, Clear Streak x3"",""stars_earned"":2,""badges_awarded"":[{""id"":""level_clear_mlf_009"",""label"":""Level Clear: mlf_009"",""description"":""Completed Why accuracy can lie.""},{""id"":""clear_streak_3"",""label"":""Clear Streak x3"",""description"":""Completed 3 lessons in a row.""}],""best_completion_streak"":7,""current_completion_streak"":7},""unlocked_topics"":[""mlf_010""],""practice_summary"":{""passed"":true,""total_tests"":4,""hidden_total"":2,""total_passed"":4,""hidden_passed"":2,""visible_total"":2,""visible_passed"":2}}",2026-05-10 09:40:14.818332+00
22,20260510_124047_mlf_010,mlf_010,lesson_started,"{""phase"":""awaiting_user_answers"",""status"":""in_progress"",""selection_mode"":""next_unlocked""}",2026-05-10 12:41:47.535862+00
23,20260510_124047_mlf_010,mlf_010,draft_verified,"{""weak_count"":0,""partial_count"":0,""likely_average"":4,""recommendation"":""This is ready for final evaluation.""}",2026-05-10 16:37:53.442021+00
24,20260510_124047_mlf_010,mlf_010,evaluation_complete,"{""scores"":{""communication"":3,""conceptual_clarity"":2,""architect_reasoning"":3,""practical_reasoning"":2},""status"":""completed"",""decision"":""borderline"",""reward_summary"":{""run_id"":""20260510_124047_mlf_010"",""decision"":""borderline"",""topic_id"":""mlf_010"",""total_xp"":522,""completed"":true,""xp_earned"":35,""best_stars"":2,""topic_title"":""Precision vs recall"",""badge_labels"":""Level Clear: mlf_010, Clear Streak x3"",""stars_earned"":2,""badges_awarded"":[{""id"":""level_clear_mlf_010"",""label"":""Level Clear: mlf_010"",""description"":""Completed Precision vs recall.""},{""id"":""clear_streak_3"",""label"":""Clear Streak x3"",""description"":""Completed 3 lessons in a row.""}],""best_completion_streak"":8,""current_completion_streak"":8},""unlocked_topics"":[],""practice_summary"":{}}",2026-05-10 16:38:21.173324+00
25,20260510_182455_mlf_001,mlf_001,lesson_started,"{""phase"":""awaiting_user_answers"",""status"":""in_progress"",""selection_mode"":""next_unlocked""}",2026-05-10 18:25:32.00909+00
26,20260510_182455_mlf_001,mlf_001,manual_stale_run_abandoned,"{""reason"":""Patch 007 accidentally restarted completed mlf_001 after mlf_010. Marked abandoned so checkpoint can start.""}",2026-05-10 18:49:34.737204+00
27,20260510_182455_mlf_001,mlf_001,manual_stale_run_abandoned,"{""reason"":""Patch 007 accidentally restarted completed mlf_001 after mlf_010. Marked abandoned so checkpoint can start.""}",2026-05-10 18:51:19.657712+00
28,20260510_182455_mlf_001,mlf_001,stale_active_run_auto_abandoned,"{""reason"":""Active local run topic is already completed in durable progress."",""source"":""src.start_lesson""}",2026-05-10 18:56:55.279973+00
29,20260510_185656_checkpoint_ml_foundations_001,checkpoint_ml_foundations_001,lesson_started,"{""phase"":""awaiting_user_answers"",""status"":""in_progress"",""selection_mode"":""next_unlocked""}",2026-05-10 18:56:58.015764+00
30,20260511_165301_checkpoint_ml_foundations_001,checkpoint_ml_foundations_001,lesson_started,"{""phase"":""awaiting_user_answers"",""status"":""in_progress"",""selection_mode"":""next_unlocked""}",2026-05-11 16:53:03.697223+00
31,20260511_165301_checkpoint_ml_foundations_001,checkpoint_ml_foundations_001,draft_verified,"{""weak_count"":0,""partial_count"":3,""likely_average"":3.4,""recommendation"":""Not 4-star ready yet. Improve the partial drafts before final submission."",""four_star_ready"":false,""readiness_average"":3.4}",2026-05-11 19:39:39.83903+00
32,20260511_165301_checkpoint_ml_foundations_001,checkpoint_ml_foundations_001,evaluation_complete,"{""scores"":{""communication"":2,""conceptual_clarity"":2,""architect_reasoning"":2,""practical_reasoning"":3},""status"":""completed"",""decision"":""borderline"",""reward_summary"":{""run_id"":""20260511_165301_checkpoint_ml_foundations_001"",""decision"":""borderline"",""topic_id"":""checkpoint_ml_foundations_001"",""total_xp"":557,""completed"":true,""xp_earned"":35,""best_stars"":2,""topic_title"":""Checkpoint 1: ML Foundations Review"",""badge_labels"":""Level Clear: checkpoint_ml_foundations_001, Clear Streak x3"",""stars_earned"":2,""badges_awarded"":[{""id"":""level_clear_checkpoint_ml_foundations_001"",""label"":""Level Clear: checkpoint_ml_foundations_001"",""description"":""Completed Checkpoint 1: ML Foundations Review.""},{""id"":""clear_streak_3"",""label"":""Clear Streak x3"",""description"":""Completed 3 lessons in a row.""}],""best_completion_streak"":9,""current_completion_streak"":9},""unlocked_topics"":[""mlf_011""],""practice_summary"":{""passed"":true,""total_tests"":4,""hidden_total"":2,""total_passed"":4,""hidden_passed"":2,""visible_total"":2,""visible_passed"":2}}",2026-05-11 19:41:20.109354+00
33,20260511_194224_mlf_011,mlf_011,lesson_started,"{""phase"":""awaiting_user_answers"",""status"":""in_progress"",""selection_mode"":""next_unlocked""}",2026-05-11 19:42:57.156357+00
34,20260513_020507_mlf_011,mlf_011,lesson_started,"{""phase"":""awaiting_user_answers"",""status"":""in_progress"",""selection_mode"":""next_unlocked""}",2026-05-13 02:05:53.382809+00
35,20260514_184340_mlf_011,mlf_011,lesson_started,"{""phase"":""awaiting_user_answers"",""status"":""in_progress"",""selection_mode"":""next_unlocked""}",2026-05-14 18:44:45.568331+00
36,20260514_184340_mlf_011,mlf_011,draft_verified,"{""weak_count"":1,""partial_count"":2,""likely_average"":3.2,""recommendation"":""Do not submit yet. Fix the weak drafts first."",""four_star_ready"":false,""readiness_average"":3.2}",2026-05-14 19:10:30.188744+00
37,20260514_184340_mlf_011,mlf_011,draft_verified,"{""weak_count"":1,""partial_count"":2,""likely_average"":3.2,""recommendation"":""Do not submit yet. Fix the weak drafts first."",""four_star_ready"":false,""readiness_average"":3.2}",2026-05-14 19:16:46.386197+00
38,20260514_184340_mlf_011,mlf_011,draft_verified,"{""weak_count"":1,""partial_count"":2,""likely_average"":3.2,""recommendation"":""Do not submit yet. Fix the weak drafts first."",""four_star_ready"":false,""readiness_average"":3.2}",2026-05-14 19:18:07.995815+00
39,20260514_184340_mlf_011,mlf_011,evaluation_complete,"{""scores"":{""communication"":3,""conceptual_clarity"":3,""architect_reasoning"":3,""practical_reasoning"":2},""status"":""completed"",""decision"":""borderline"",""reward_summary"":{""run_id"":""20260514_184340_mlf_011"",""decision"":""borderline"",""topic_id"":""mlf_011"",""total_xp"":597,""completed"":true,""xp_earned"":40,""best_stars"":3,""topic_title"":""Model selection and validation strategy"",""badge_labels"":""Level Clear: mlf_011, Three-Star Scholar, Clear Streak x3"",""stars_earned"":3,""badges_awarded"":[{""id"":""level_clear_mlf_011"",""label"":""Level Clear: mlf_011"",""description"":""Completed Model selection and validation strategy.""},{""id"":""three_star_scholar"",""label"":""Three-Star Scholar"",""description"":""Earned at least 3 stars on a level.""},{""id"":""clear_streak_3"",""label"":""Clear Streak x3"",""description"":""Completed 3 lessons in a row.""}],""best_completion_streak"":10,""current_completion_streak"":10},""unlocked_topics"":[""mlf_012""],""practice_summary"":{}}",2026-05-14 19:18:38.838525+00
40,20260515_150213_mlf_012,mlf_012,lesson_started,"{""phase"":""awaiting_user_answers"",""status"":""in_progress"",""selection_mode"":""next_unlocked""}",2026-05-15 15:03:03.373486+00
41,20260515_150213_mlf_012,mlf_012,draft_verified,"{""weak_count"":0,""partial_count"":2,""likely_average"":3.6,""recommendation"":""Not 4-star ready yet. Improve the partial drafts before final submission."",""four_star_ready"":false,""readiness_average"":3.6}",2026-05-15 19:06:38.093126+00
42,20260515_150213_mlf_012,mlf_012,evaluation_complete,"{""scores"":{""communication"":2,""conceptual_clarity"":3,""architect_reasoning"":2,""practical_reasoning"":2},""status"":""completed"",""decision"":""borderline"",""reward_summary"":{""run_id"":""20260515_150213_mlf_012"",""decision"":""borderline"",""topic_id"":""mlf_012"",""total_xp"":632,""completed"":true,""xp_earned"":35,""best_stars"":2,""topic_title"":""Feature engineering and feature contracts"",""badge_labels"":""Level Clear: mlf_012, Clear Streak x3"",""stars_earned"":2,""badges_awarded"":[{""id"":""level_clear_mlf_012"",""label"":""Level Clear: mlf_012"",""description"":""Completed Feature engineering and feature contracts.""},{""id"":""clear_streak_3"",""label"":""Clear Streak x3"",""description"":""Completed 3 lessons in a row.""}],""best_completion_streak"":11,""current_completion_streak"":11},""unlocked_topics"":[""mlf_013""],""practice_summary"":{}}",2026-05-15 19:07:18.167742+00
43,20260516_143057_mlf_013,mlf_013,lesson_started,"{""phase"":""awaiting_user_answers"",""status"":""in_progress"",""selection_mode"":""next_unlocked""}",2026-05-16 14:31:51.295704+00
44,20260516_143057_mlf_013,mlf_013,draft_verified,"{""weak_count"":1,""partial_count"":2,""likely_average"":3.2,""recommendation"":""Do not submit yet. Fix the weak drafts first."",""four_star_ready"":false,""readiness_average"":3.2}",2026-05-16 16:26:43.094815+00
45,20260516_143057_mlf_013,mlf_013,evaluation_complete,"{""scores"":{""communication"":2,""conceptual_clarity"":2,""architect_reasoning"":2,""practical_reasoning"":2},""status"":""revise"",""decision"":""revise"",""reward_summary"":{""run_id"":""20260516_143057_mlf_013"",""decision"":""revise"",""topic_id"":""mlf_013"",""total_xp"":646,""completed"":false,""xp_earned"":14,""best_stars"":2,""topic_title"":""Encoding categorical variables safely"",""badge_labels"":"""",""stars_earned"":2,""badges_awarded"":[],""best_completion_streak"":11,""current_completion_streak"":0},""unlocked_topics"":[],""practice_summary"":{}}",2026-05-16 16:27:37.834082+00
46,20260516_171701_mlf_013,mlf_013,lesson_started,"{""phase"":""awaiting_user_answers"",""status"":""in_progress"",""selection_mode"":""next_unlocked""}",2026-05-16 17:18:25.619409+00
47,20260516_171701_mlf_013,mlf_013,mission_answers_saved,"{""total_count"":5,""answered_count"":1}",2026-05-16 18:42:02.179902+00
48,20260516_171701_mlf_013,mlf_013,mission_answers_saved,"{""total_count"":5,""answered_count"":2}",2026-05-16 18:50:33.530623+00
49,20260516_171701_mlf_013,mlf_013,mission_answers_saved,"{""total_count"":5,""answered_count"":3}",2026-05-16 18:56:07.68355+00
50,20260516_171701_mlf_013,mlf_013,mission_answers_saved,"{""total_count"":5,""answered_count"":4}",2026-05-16 19:08:46.175698+00
51,20260516_171701_mlf_013,mlf_013,mission_answers_saved,"{""total_count"":5,""answered_count"":5}",2026-05-16 19:15:14.766097+00
52,20260516_171701_mlf_013,mlf_013,mission_answers_saved,"{""total_count"":5,""answered_count"":5}",2026-05-16 19:21:21.366834+00
53,20260516_171701_mlf_013,mlf_013,mission_answers_saved_before_verify,"{""total_count"":5,""answered_count"":5}",2026-05-16 19:21:28.472521+00
54,20260516_171701_mlf_013,mlf_013,draft_verified,"{""weak_count"":2,""partial_count"":1,""likely_average"":3,""recommendation"":""Do not submit yet. Fix the weak drafts first."",""four_star_ready"":false,""readiness_average"":3}",2026-05-16 19:21:28.867157+00
55,20260516_171701_mlf_013,mlf_013,mission_answers_saved,"{""total_count"":5,""answered_count"":5}",2026-05-16 19:24:52.507354+00
56,20260516_171701_mlf_013,mlf_013,mission_answers_saved_before_verify,"{""total_count"":5,""answered_count"":5}",2026-05-16 19:24:58.079303+00
57,20260516_171701_mlf_013,mlf_013,draft_verified,"{""weak_count"":2,""partial_count"":1,""likely_average"":3,""recommendation"":""Do not submit yet. Fix the weak drafts first."",""four_star_ready"":false,""readiness_average"":3}",2026-05-16 19:24:58.479335+00
58,20260516_171701_mlf_013,mlf_013,mission_answers_saved_before_final_evaluation,"{""total_count"":5,""answered_count"":5}",2026-05-16 19:25:13.769829+00
59,20260516_171701_mlf_013,mlf_013,evaluation_complete,"{""scores"":{""communication"":3,""conceptual_clarity"":3,""architect_reasoning"":3,""practical_reasoning"":2},""status"":""completed"",""decision"":""borderline"",""reward_summary"":{""run_id"":""20260516_171701_mlf_013"",""decision"":""borderline"",""topic_id"":""mlf_013"",""total_xp"":686,""completed"":true,""xp_earned"":40,""best_stars"":3,""topic_title"":""Encoding categorical variables safely"",""badge_labels"":""Level Clear: mlf_013, Three-Star Scholar"",""stars_earned"":3,""badges_awarded"":[{""id"":""level_clear_mlf_013"",""label"":""Level Clear: mlf_013"",""description"":""Completed Encoding categorical variables safely.""},{""id"":""three_star_scholar"",""label"":""Three-Star Scholar"",""description"":""Earned at least 3 stars on a level.""}],""best_completion_streak"":11,""current_completion_streak"":1},""unlocked_topics"":[""mlf_014""],""practice_summary"":{}}",2026-05-16 19:25:29.349919+00
60,20260517_104526_mlf_014,mlf_014,lesson_started,"{""phase"":""awaiting_user_answers"",""status"":""in_progress"",""selection_mode"":""next_unlocked""}",2026-05-17 10:46:34.251888+00
61,20260517_104526_mlf_014,mlf_014,answers_saved,"{""source"":""mission_tab_save"",""answer_count"":5}",2026-05-17 16:22:11.484273+00
62,20260517_104526_mlf_014,mlf_014,answers_saved,"{""source"":""mission_tab_save"",""answer_count"":5}",2026-05-17 16:23:40.77735+00
63,20260517_104526_mlf_014,mlf_014,answers_saved,"{""source"":""mission_tab_save"",""answer_count"":5}",2026-05-17 16:34:16.75558+00
64,20260517_104526_mlf_014,mlf_014,answers_saved,"{""source"":""mission_tab_save"",""answer_count"":5}",2026-05-17 16:42:00.203972+00
65,20260517_104526_mlf_014,mlf_014,answers_saved,"{""source"":""mission_tab_save"",""answer_count"":5}",2026-05-17 16:57:11.967051+00
66,20260517_104526_mlf_014,mlf_014,answers_saved,"{""source"":""mission_tab_save"",""answer_count"":5}",2026-05-17 16:59:27.491719+00
67,20260517_104526_mlf_014,mlf_014,answers_saved,"{""source"":""mission_tab_save"",""answer_count"":5}",2026-05-17 17:08:06.457505+00
68,20260517_104526_mlf_014,mlf_014,answers_saved,"{""source"":""mission_tab_save"",""answer_count"":5}",2026-05-17 17:08:27.578218+00
69,20260517_104526_mlf_014,mlf_014,draft_verified,"{""weak_count"":2,""partial_count"":1,""likely_average"":3,""recommendation"":""Do not submit yet. Fix the weak drafts first."",""four_star_ready"":false,""readiness_average"":3}",2026-05-17 17:08:27.975644+00
70,20260517_104526_mlf_014,mlf_014,answers_saved,"{""source"":""mission_tab_save"",""answer_count"":5}",2026-05-17 17:10:32.373888+00
71,20260517_104526_mlf_014,mlf_014,answers_saved,"{""source"":""mission_tab_save"",""answer_count"":5}",2026-05-17 17:10:36.610874+00
72,20260517_104526_mlf_014,mlf_014,draft_verified,"{""weak_count"":2,""partial_count"":1,""likely_average"":3,""recommendation"":""Do not submit yet. Fix the weak drafts first."",""four_star_ready"":false,""readiness_average"":3}",2026-05-17 17:10:37.007002+00
73,20260517_104526_mlf_014,mlf_014,answers_saved,"{""source"":""mission_tab_save"",""answer_count"":5}",2026-05-17 17:11:34.523446+00
74,20260517_104526_mlf_014,mlf_014,evaluation_complete,"{""scores"":{""communication"":3,""conceptual_clarity"":2,""architect_reasoning"":3,""practical_reasoning"":2},""status"":""completed"",""decision"":""borderline"",""reward_summary"":{""run_id"":""20260517_104526_mlf_014"",""scores"":{""communication"":3,""conceptual_clarity"":2,""architect_reasoning"":3,""practical_reasoning"":2},""decision"":""borderline"",""topic_id"":""mlf_014"",""total_xp"":575,""completed"":true,""xp_earned"":35,""xp_policy"":""best_completed_attempt_per_topic"",""best_stars"":2,""topic_title"":""Scaling, normalization, and pipeline leakage"",""badge_labels"":"""",""stars_earned"":2,""badges_awarded"":[],""policy_version"":""v2_best_completed_attempt_2026_05"",""best_completed_xp"":35,""base_xp_for_attempt"":35,""best_completion_streak"":11,""current_completion_streak"":2},""unlocked_topics"":[""mlf_015""],""practice_summary"":{}}",2026-05-17 17:12:00.909753+00
75,20260517_173308_mlf_015,mlf_015,lesson_started,"{""phase"":""awaiting_user_answers"",""status"":""in_progress"",""selection_mode"":""next_unlocked""}",2026-05-17 17:33:09.304178+00
76,20260518_150133_mlf_015,mlf_015,lesson_started,"{""phase"":""awaiting_user_answers"",""status"":""in_progress"",""selection_mode"":""next_unlocked""}",2026-05-18 15:01:34.67463+00
77,20260518_150133_mlf_015,mlf_015,answers_saved,"{""source"":""mission_tab_save"",""answer_count"":5}",2026-05-18 16:49:48.395544+00
78,20260518_150133_mlf_015,mlf_015,answers_saved,"{""source"":""mission_tab_save"",""answer_count"":5}",2026-05-18 17:06:00.208557+00
79,20260518_150133_mlf_015,mlf_015,answers_saved,"{""source"":""mission_tab_save"",""answer_count"":5}",2026-05-18 17:10:12.589187+00
80,20260518_150133_mlf_015,mlf_015,answers_saved,"{""source"":""mission_tab_save"",""answer_count"":5}",2026-05-18 17:10:43.373511+00
81,20260518_150133_mlf_015,mlf_015,draft_verified,"{""weak_count"":0,""partial_count"":3,""likely_average"":3.4,""recommendation"":""Not 4-star ready yet. Improve the partial drafts before final submission."",""four_star_ready"":false,""readiness_average"":3.4}",2026-05-18 17:10:43.782827+00
82,20260518_150133_mlf_015,mlf_015,answers_saved,"{""source"":""mission_tab_save"",""answer_count"":5}",2026-05-18 17:11:22.395889+00
83,20260518_150133_mlf_015,mlf_015,evaluation_complete,"{""scores"":{""communication"":3,""conceptual_clarity"":3,""architect_reasoning"":3,""practical_reasoning"":2},""status"":""completed"",""decision"":""borderline"",""reward_summary"":{""run_id"":""20260518_150133_mlf_015"",""scores"":{""communication"":3,""conceptual_clarity"":3,""architect_reasoning"":3,""practical_reasoning"":2},""decision"":""borderline"",""topic_id"":""mlf_015"",""total_xp"":615,""completed"":true,""xp_earned"":40,""xp_policy"":""best_completed_attempt_per_topic"",""best_stars"":3,""topic_title"":""Regularization: controlling model complexity"",""badge_labels"":"""",""stars_earned"":3,""badges_awarded"":[],""policy_version"":""v2_best_completed_attempt_2026_05"",""best_completed_xp"":40,""base_xp_for_attempt"":40,""best_completion_streak"":11,""current_completion_streak"":3},""unlocked_topics"":[""mlf_016""],""practice_summary"":{}}",2026-05-18 17:11:52.078864+00
84,20260518_173232_mlf_016,mlf_016,lesson_started,"{""phase"":""awaiting_user_answers"",""status"":""in_progress"",""selection_mode"":""next_unlocked""}",2026-05-18 17:32:33.749433+00
85,20260519_070451_mlf_016,mlf_016,lesson_started,"{""phase"":""awaiting_user_answers"",""status"":""in_progress"",""selection_mode"":""next_unlocked""}",2026-05-19 07:04:52.58623+00
86,20260519_070451_mlf_016,mlf_016,answers_saved,"{""source"":""mission_tab_save"",""answer_count"":5}",2026-05-19 07:16:24.344533+00
87,20260519_070451_mlf_016,mlf_016,answers_saved,"{""source"":""mission_tab_save"",""answer_count"":5}",2026-05-19 07:18:25.562984+00
88,20260519_070451_mlf_016,mlf_016,answers_saved,"{""source"":""mission_tab_save"",""answer_count"":5}",2026-05-19 07:22:58.344756+00
89,20260519_070451_mlf_016,mlf_016,answers_saved,"{""source"":""mission_tab_save"",""answer_count"":5}",2026-05-19 07:29:12.796841+00
90,20260519_070451_mlf_016,mlf_016,answers_saved,"{""source"":""mission_tab_save"",""answer_count"":5}",2026-05-19 07:34:11.492832+00
91,20260519_070451_mlf_016,mlf_016,answers_saved,"{""source"":""mission_tab_save"",""answer_count"":5}",2026-05-19 07:36:08.296138+00
92,20260519_070451_mlf_016,mlf_016,answers_saved,"{""source"":""mission_tab_save"",""answer_count"":5}",2026-05-19 07:42:35.388276+00
93,20260519_070451_mlf_016,mlf_016,answers_saved,"{""source"":""mission_tab_save"",""answer_count"":5}",2026-05-19 07:49:21.051381+00
94,20260519_070451_mlf_016,mlf_016,answers_saved,"{""source"":""mission_tab_save"",""answer_count"":5}",2026-05-19 07:57:36.394421+00
95,20260519_070451_mlf_016,mlf_016,answers_saved,"{""source"":""mission_tab_save"",""answer_count"":5}",2026-05-19 07:59:43.854577+00
96,20260519_070451_mlf_016,mlf_016,answers_saved,"{""source"":""mission_tab_save"",""answer_count"":5}",2026-05-19 08:10:14.081351+00
97,20260519_070451_mlf_016,mlf_016,answers_saved,"{""source"":""mission_tab_save"",""answer_count"":5}",2026-05-19 08:15:48.650503+00
98,20260519_070451_mlf_016,mlf_016,answers_saved,"{""source"":""mission_tab_save"",""answer_count"":5}",2026-05-19 08:16:54.484641+00
99,20260519_070451_mlf_016,mlf_016,answers_saved,"{""source"":""mission_tab_save"",""answer_count"":5}",2026-05-19 08:17:03.117131+00
100,20260519_070451_mlf_016,mlf_016,draft_verified,"{""weak_count"":0,""partial_count"":2,""likely_average"":3.6,""recommendation"":""Not 4-star ready yet. Improve the partial drafts before final submission."",""four_star_ready"":false,""readiness_average"":3.6}",2026-05-19 08:17:03.499154+00
101,20260519_070451_mlf_016,mlf_016,answers_saved,"{""source"":""mission_tab_save"",""answer_count"":5}",2026-05-19 08:18:58.59437+00
102,20260519_070451_mlf_016,mlf_016,evaluation_complete,"{""scores"":{""communication"":3,""conceptual_clarity"":3,""architect_reasoning"":2,""practical_reasoning"":3},""status"":""completed"",""decision"":""borderline"",""reward_summary"":{""run_id"":""20260519_070451_mlf_016"",""scores"":{""communication"":3,""conceptual_clarity"":3,""architect_reasoning"":2,""practical_reasoning"":3},""decision"":""borderline"",""topic_id"":""mlf_016"",""total_xp"":655,""completed"":true,""xp_earned"":40,""xp_policy"":""best_completed_attempt_per_topic"",""best_stars"":3,""topic_title"":""Threshold tuning and cost-sensitive decisions"",""badge_labels"":"""",""stars_earned"":3,""badges_awarded"":[],""policy_version"":""v2_best_completed_attempt_2026_05"",""best_completed_xp"":40,""base_xp_for_attempt"":40,""best_completion_streak"":11,""current_completion_streak"":4},""unlocked_topics"":[""mlf_017""],""practice_summary"":{}}",2026-05-19 08:19:20.647941+00
103,20260519_160644_mlf_017,mlf_017,lesson_started,"{""phase"":""awaiting_user_answers"",""status"":""in_progress"",""selection_mode"":""next_unlocked""}",2026-05-19 16:06:45.533087+00
104,20260519_160644_mlf_017,mlf_017,answers_saved,"{""source"":""mission_tab_save"",""answer_count"":5}",2026-05-19 17:24:36.892021+00
105,20260519_160644_mlf_017,mlf_017,answers_saved,"{""source"":""mission_tab_save"",""answer_count"":5}",2026-05-19 17:45:27.597268+00
106,20260519_160644_mlf_017,mlf_017,answers_saved,"{""source"":""mission_tab_save"",""answer_count"":5}",2026-05-19 17:51:11.138692+00
107,20260519_160644_mlf_017,mlf_017,answers_saved,"{""source"":""mission_tab_save"",""answer_count"":5}",2026-05-19 17:55:43.140215+00
108,20260519_160644_mlf_017,mlf_017,answers_saved,"{""source"":""mission_tab_save"",""answer_count"":5}",2026-05-19 18:13:33.201499+00
109,20260519_160644_mlf_017,mlf_017,answers_saved,"{""source"":""mission_tab_save"",""answer_count"":5}",2026-05-19 18:23:24.987585+00
110,20260519_160644_mlf_017,mlf_017,answers_saved,"{""source"":""mission_tab_save"",""answer_count"":5}",2026-05-19 18:23:29.666066+00
111,20260519_160644_mlf_017,mlf_017,draft_verified,"{""weak_count"":0,""partial_count"":3,""likely_average"":3.4,""recommendation"":""Not 4-star ready yet. Improve the partial drafts before final submission."",""four_star_ready"":false,""readiness_average"":3.4}",2026-05-19 18:23:30.068472+00
112,20260519_160644_mlf_017,mlf_017,answers_saved,"{""source"":""mission_tab_save"",""answer_count"":5}",2026-05-19 18:24:29.359303+00
113,20260519_160644_mlf_017,mlf_017,evaluation_complete,"{""scores"":{""communication"":3,""conceptual_clarity"":3,""architect_reasoning"":3,""practical_reasoning"":3},""status"":""completed"",""decision"":""borderline"",""reward_summary"":{""run_id"":""20260519_160644_mlf_017"",""scores"":{""communication"":3,""conceptual_clarity"":3,""architect_reasoning"":3,""practical_reasoning"":3},""decision"":""borderline"",""topic_id"":""mlf_017"",""total_xp"":695,""completed"":true,""xp_earned"":40,""xp_policy"":""best_completed_attempt_per_topic"",""best_stars"":3,""topic_title"":""Class imbalance handling strategies"",""badge_labels"":"""",""stars_earned"":3,""badges_awarded"":[],""policy_version"":""v2_best_completed_attempt_2026_05"",""best_completed_xp"":40,""base_xp_for_attempt"":40,""best_completion_streak"":11,""current_completion_streak"":5},""unlocked_topics"":[""mlf_018""],""practice_summary"":{}}",2026-05-19 18:24:46.738269+00
114,20260520_053043_mlf_018,mlf_018,lesson_started,"{""phase"":""awaiting_user_answers"",""status"":""in_progress"",""selection_mode"":""next_unlocked""}",2026-05-20 05:30:44.837465+00
115,20260520_053043_mlf_018,mlf_018,answers_saved,"{""source"":""mission_tab_save"",""answer_count"":5}",2026-05-20 16:27:24.030936+00
116,20260520_053043_mlf_018,mlf_018,answers_saved,"{""source"":""mission_tab_save"",""answer_count"":5}",2026-05-20 16:27:28.093179+00
117,20260520_053043_mlf_018,mlf_018,draft_verified,"{""weak_count"":1,""partial_count"":2,""likely_average"":3.2,""recommendation"":""Do not submit yet. Fix the weak drafts first."",""four_star_ready"":false,""readiness_average"":3.2}",2026-05-20 16:27:28.48103+00
118,20260520_053043_mlf_018,mlf_018,answers_saved,"{""source"":""mission_tab_save"",""answer_count"":5}",2026-05-20 16:28:10.831687+00
119,20260520_053043_mlf_018,mlf_018,evaluation_complete,"{""scores"":{""communication"":4,""conceptual_clarity"":4,""architect_reasoning"":4,""practical_reasoning"":4},""status"":""completed"",""decision"":""pass"",""reward_summary"":{""run_id"":""20260520_053043_mlf_018"",""scores"":{""communication"":4,""conceptual_clarity"":4,""architect_reasoning"":4,""practical_reasoning"":4},""decision"":""pass"",""topic_id"":""mlf_018"",""total_xp"":795,""completed"":true,""xp_earned"":100,""xp_policy"":""best_completed_attempt_per_topic"",""best_stars"":4,""topic_title"":""Error analysis and model debugging"",""badge_labels"":""Four-Star Attempt"",""stars_earned"":4,""badges_awarded"":[{""id"":""four_star_attempt"",""label"":""Four-Star Attempt"",""description"":""Produced a strong answer set with 4 or more stars.""}],""policy_version"":""v2_best_completed_attempt_2026_05"",""best_completed_xp"":100,""base_xp_for_attempt"":100,""best_completion_streak"":11,""current_completion_streak"":6},""unlocked_topics"":[""mlf_019""],""practice_summary"":{}}",2026-05-20 16:28:26.780718+00
120,20260520_172657_mlf_019,mlf_019,lesson_started,"{""phase"":""awaiting_user_answers"",""status"":""in_progress"",""selection_mode"":""next_unlocked""}",2026-05-20 17:26:59.269303+00
121,20260520_172657_mlf_019,mlf_019,answers_saved,"{""source"":""mission_tab_save"",""answer_count"":5}",2026-05-22 09:35:12.073911+00
122,20260520_172657_mlf_019,mlf_019,answers_saved,"{""source"":""mission_tab_save"",""answer_count"":5}",2026-05-22 09:39:49.542463+00
123,20260520_172657_mlf_019,mlf_019,answers_saved,"{""source"":""mission_tab_save"",""answer_count"":5}",2026-05-22 10:19:30.553578+00
124,20260520_172657_mlf_019,mlf_019,draft_verified,"{""weak_count"":4,""partial_count"":0,""likely_average"":1.8,""recommendation"":""Do not submit yet. Fix the weak draft or technical precision issue first."",""four_star_ready"":false,""readiness_average"":1.8,""submit_ready_count"":1}",2026-05-22 10:19:30.943956+00
125,20260520_172657_mlf_019,mlf_019,answers_saved,"{""source"":""mission_tab_save"",""answer_count"":5}",2026-05-22 10:23:14.735358+00
126,20260520_172657_mlf_019,mlf_019,answers_saved,"{""source"":""mission_tab_save"",""answer_count"":5}",2026-05-22 10:23:46.072837+00
127,20260520_172657_mlf_019,mlf_019,draft_verified,"{""weak_count"":3,""partial_count"":1,""likely_average"":2,""recommendation"":""Do not submit yet. Fix the weak draft or technical precision issue first."",""four_star_ready"":false,""readiness_average"":2,""submit_ready_count"":1}",2026-05-22 10:23:46.468409+00
128,20260520_172657_mlf_019,mlf_019,answers_saved,"{""source"":""mission_tab_save"",""answer_count"":5}",2026-05-22 10:24:32.917528+00
129,20260520_172657_mlf_019,mlf_019,draft_verified,"{""weak_count"":3,""partial_count"":1,""likely_average"":2,""recommendation"":""Do not submit yet. Fix the weak draft or technical precision issue first."",""four_star_ready"":false,""readiness_average"":2,""submit_ready_count"":1}",2026-05-22 10:24:33.309868+00
130,20260520_172657_mlf_019,mlf_019,answers_saved,"{""source"":""mission_tab_save"",""answer_count"":5}",2026-05-22 10:25:02.548879+00
131,20260520_172657_mlf_019,mlf_019,draft_verified,"{""weak_count"":3,""partial_count"":0,""likely_average"":2.2,""recommendation"":""Do not submit yet. Fix the weak draft or technical precision issue first."",""four_star_ready"":false,""readiness_average"":2.2,""submit_ready_count"":2}",2026-05-22 10:25:02.935253+00
132,20260520_172657_mlf_019,mlf_019,answers_saved,"{""source"":""mission_tab_save"",""answer_count"":5}",2026-05-22 11:26:44.291482+00
133,20260520_172657_mlf_019,mlf_019,answers_saved,"{""source"":""mission_tab_save"",""answer_count"":5}",2026-05-22 11:26:49.570734+00
134,20260520_172657_mlf_019,mlf_019,draft_verified,"{""weak_count"":2,""partial_count"":0,""likely_average"":2.8,""recommendation"":""Do not submit yet. Fix the weak draft or technical precision issue first."",""four_star_ready"":false,""readiness_average"":2.8,""submit_ready_count"":3}",2026-05-22 11:26:49.963731+00
135,20260520_172657_mlf_019,mlf_019,answers_saved,"{""source"":""mission_tab_save"",""answer_count"":5}",2026-05-22 11:42:29.397375+00
136,20260520_172657_mlf_019,mlf_019,answers_saved,"{""source"":""mission_tab_save"",""answer_count"":5}",2026-05-22 11:48:29.119477+00
137,20260520_172657_mlf_019,mlf_019,draft_verified,"{""weak_count"":1,""partial_count"":1,""likely_average"":3.2,""recommendation"":""Do not submit yet. Fix the weak draft or technical precision issue first."",""four_star_ready"":false,""readiness_average"":3.2,""submit_ready_count"":3}",2026-05-22 11:48:29.510267+00
138,20260520_172657_mlf_019,mlf_019,answers_saved,"{""source"":""mission_tab_save"",""answer_count"":5}",2026-05-22 11:51:31.215944+00
139,20260520_172657_mlf_019,mlf_019,answers_saved,"{""source"":""mission_tab_save"",""answer_count"":5}",2026-05-22 11:53:06.501664+00
140,20260520_172657_mlf_019,mlf_019,draft_verified,"{""weak_count"":1,""partial_count"":0,""likely_average"":3.4,""recommendation"":""Do not submit yet. Fix the weak draft or technical precision issue first."",""four_star_ready"":false,""readiness_average"":3.4,""submit_ready_count"":4}",2026-05-22 11:53:06.896235+00
141,20260520_172657_mlf_019,mlf_019,answers_saved,"{""source"":""mission_tab_save"",""answer_count"":5}",2026-05-22 11:56:25.358621+00
142,20260520_172657_mlf_019,mlf_019,draft_verified,"{""weak_count"":1,""partial_count"":0,""likely_average"":3.4,""recommendation"":""Do not submit yet. Fix the weak draft or technical precision issue first."",""four_star_ready"":false,""readiness_average"":3.4,""submit_ready_count"":4}",2026-05-22 11:56:25.755544+00
143,20260520_172657_mlf_019,mlf_019,answers_saved,"{""source"":""mission_tab_save"",""answer_count"":5}",2026-05-22 11:58:02.222456+00
144,20260520_172657_mlf_019,mlf_019,answers_saved,"{""source"":""mission_tab_save"",""answer_count"":5}",2026-05-22 11:58:09.861028+00
145,20260520_172657_mlf_019,mlf_019,draft_verified,"{""weak_count"":1,""partial_count"":0,""likely_average"":3.4,""recommendation"":""Do not submit yet. Fix the weak draft or technical precision issue first."",""four_star_ready"":false,""readiness_average"":3.4,""submit_ready_count"":4}",2026-05-22 11:58:10.253161+00
146,20260520_172657_mlf_019,mlf_019,answers_saved,"{""source"":""mission_tab_save"",""answer_count"":5}",2026-05-22 11:59:14.970309+00
147,20260520_172657_mlf_019,mlf_019,answers_saved,"{""source"":""mission_tab_save"",""answer_count"":5}",2026-05-22 12:13:44.857237+00
148,20260520_172657_mlf_019,mlf_019,answers_saved,"{""source"":""mission_tab_save"",""answer_count"":5}",2026-05-22 12:13:50.810333+00
149,20260520_172657_mlf_019,mlf_019,draft_verified,"{""weak_count"":0,""partial_count"":0,""likely_average"":4,""recommendation"":""Submit-ready for a 4-star attempt. To chase 5, add sharper owner/trigger/action details where relevant."",""four_star_ready"":true,""readiness_average"":4,""submit_ready_count"":5}",2026-05-22 12:13:51.201008+00
150,20260520_172657_mlf_019,mlf_019,answers_saved,"{""source"":""mission_tab_save"",""answer_count"":5}",2026-05-22 12:14:21.548512+00
151,20260520_172657_mlf_019,mlf_019,evaluation_complete,"{""scores"":{""communication"":3,""conceptual_clarity"":3,""architect_reasoning"":3,""practical_reasoning"":3},""status"":""completed"",""decision"":""borderline"",""reward_summary"":{""run_id"":""20260520_172657_mlf_019"",""scores"":{""communication"":3,""conceptual_clarity"":3,""architect_reasoning"":3,""practical_reasoning"":3},""decision"":""borderline"",""topic_id"":""mlf_019"",""total_xp"":835,""completed"":true,""xp_earned"":40,""xp_policy"":""best_completed_attempt_per_topic"",""best_stars"":3,""topic_title"":""Model interpretability and explainability limits"",""badge_labels"":"""",""stars_earned"":3,""badges_awarded"":[],""policy_version"":""v2_best_completed_attempt_2026_05"",""best_completed_xp"":40,""base_xp_for_attempt"":40,""best_completion_streak"":11,""current_completion_streak"":7},""unlocked_topics"":[""mlf_020""],""practice_summary"":{}}",2026-05-22 12:14:50.457399+00
152,20260522_155857_mlf_020,mlf_020,lesson_started,"{""phase"":""awaiting_user_answers"",""status"":""in_progress"",""selection_mode"":""next_unlocked""}",2026-05-22 15:58:59.560346+00
153,20260522_155857_mlf_020,mlf_020,answers_saved,"{""source"":""mission_tab_save"",""answer_count"":5}",2026-05-23 13:11:18.194685+00
154,20260522_155857_mlf_020,mlf_020,answers_saved,"{""source"":""mission_tab_save"",""answer_count"":5}",2026-05-23 13:17:32.153235+00
155,20260522_155857_mlf_020,mlf_020,answers_saved,"{""source"":""mission_tab_save"",""answer_count"":5}",2026-05-23 13:24:25.127004+00
156,20260522_155857_mlf_020,mlf_020,answers_saved,"{""source"":""mission_tab_save"",""answer_count"":5}",2026-05-23 13:29:36.791894+00
157,20260522_155857_mlf_020,mlf_020,answers_saved,"{""source"":""mission_tab_save"",""answer_count"":5}",2026-05-23 13:29:44.80285+00
158,20260522_155857_mlf_020,mlf_020,draft_verified,"{""weak_count"":2,""partial_count"":2,""likely_average"":2.4,""recommendation"":""Do not submit yet. Fix the weak draft or technical precision issue first."",""four_star_ready"":false,""readiness_average"":2.4,""submit_ready_count"":1}",2026-05-23 13:29:45.204888+00
159,20260522_155857_mlf_020,mlf_020,answers_saved,"{""source"":""mission_tab_save"",""answer_count"":5}",2026-05-23 13:30:37.885063+00
160,20260522_155857_mlf_020,mlf_020,answers_saved,"{""source"":""mission_tab_save"",""answer_count"":5}",2026-05-23 14:04:25.538972+00
161,20260522_155857_mlf_020,mlf_020,answers_saved,"{""source"":""mission_tab_save"",""answer_count"":5}",2026-05-23 14:04:41.209519+00
162,20260522_155857_mlf_020,mlf_020,draft_verified,"{""weak_count"":2,""partial_count"":2,""likely_average"":2.6,""recommendation"":""Do not submit yet. Fix the weak draft or technical precision issue first."",""four_star_ready"":false,""readiness_average"":2.6,""submit_ready_count"":1}",2026-05-23 14:04:41.608031+00
163,20260522_155857_mlf_020,mlf_020,answers_saved,"{""source"":""mission_tab_save"",""answer_count"":5}",2026-05-23 14:05:44.603841+00
164,20260522_155857_mlf_020,mlf_020,draft_verified,"{""weak_count"":2,""partial_count"":2,""likely_average"":2.6,""recommendation"":""Do not submit yet. Fix the weak draft or technical precision issue first."",""four_star_ready"":false,""readiness_average"":2.6,""submit_ready_count"":1}",2026-05-23 14:05:45.001139+00
165,20260522_155857_mlf_020,mlf_020,answers_saved,"{""source"":""mission_tab_save"",""answer_count"":5}",2026-05-23 14:10:57.862961+00
166,20260522_155857_mlf_020,mlf_020,answers_saved,"{""source"":""mission_tab_save"",""answer_count"":5}",2026-05-23 14:11:06.556172+00
167,20260522_155857_mlf_020,mlf_020,draft_verified,"{""weak_count"":2,""partial_count"":2,""likely_average"":2.8,""recommendation"":""Do not submit yet. Fix the weak draft or technical precision issue first."",""four_star_ready"":false,""readiness_average"":2.8,""submit_ready_count"":1}",2026-05-23 14:11:06.954894+00
168,20260522_155857_mlf_020,mlf_020,answers_saved,"{""source"":""mission_tab_save"",""answer_count"":5}",2026-05-23 14:42:38.809072+00
169,20260522_155857_mlf_020,mlf_020,answers_saved,"{""source"":""mission_tab_save"",""answer_count"":5}",2026-05-23 14:42:44.731324+00
170,20260522_155857_mlf_020,mlf_020,draft_verified,"{""weak_count"":1,""partial_count"":2,""likely_average"":3.2,""recommendation"":""Do not submit yet. Fix the weak draft or technical precision issue first."",""four_star_ready"":false,""readiness_average"":3.2,""submit_ready_count"":2}",2026-05-23 14:42:45.132525+00
171,20260522_155857_mlf_020,mlf_020,answers_saved,"{""source"":""mission_tab_save"",""answer_count"":5}",2026-05-23 14:43:25.058096+00
172,20260522_155857_mlf_020,mlf_020,practice_submission_saved,"{""has_result"":true,""exercise_id"":""mlf_020_monitor_mean_shift_v1""}",2026-05-26 18:11:54.491971+00
173,20260522_155857_mlf_020,mlf_020,answers_saved,"{""source"":""mission_tab_save"",""answer_count"":5}",2026-05-26 18:15:58.821158+00
174,20260522_155857_mlf_020,mlf_020,practice_submission_saved,"{""has_result"":false,""exercise_id"":""mlf_020_monitor_mean_shift_v1""}",2026-05-26 18:15:59.201685+00
175,20260522_155857_mlf_020,mlf_020,evaluation_complete,"{""scores"":{""communication"":3,""conceptual_clarity"":3,""architect_reasoning"":3,""practical_reasoning"":3},""status"":""completed"",""decision"":""borderline"",""reward_summary"":{""run_id"":""20260522_155857_mlf_020"",""scores"":{""communication"":3,""conceptual_clarity"":3,""architect_reasoning"":3,""practical_reasoning"":3},""decision"":""borderline"",""topic_id"":""mlf_020"",""total_xp"":875,""completed"":true,""xp_earned"":40,""xp_policy"":""best_completed_attempt_per_topic"",""best_stars"":3,""topic_title"":""ML monitoring: drift, performance, and retraining triggers"",""badge_labels"":"""",""stars_earned"":3,""badges_awarded"":[],""policy_version"":""v2_best_completed_attempt_2026_05"",""best_completed_xp"":40,""base_xp_for_attempt"":40,""best_completion_streak"":11,""current_completion_streak"":8},""unlocked_topics"":[""mlf_021""],""practice_summary"":{""passed"":true,""total_tests"":3,""hidden_total"":1,""total_passed"":3,""hidden_passed"":1,""visible_total"":2,""visible_passed"":2}}",2026-05-26 18:16:19.500035+00
176,20260526_181935_mlf_021,mlf_021,lesson_started,"{""phase"":""awaiting_user_answers"",""status"":""in_progress"",""selection_mode"":""next_unlocked""}",2026-05-26 18:19:37.481309+00
177,20260526_181935_mlf_021,mlf_021,answers_saved,"{""source"":""mission_tab_save"",""answer_count"":5}",2026-05-27 13:59:36.642704+00
178,20260526_181935_mlf_021,mlf_021,answers_saved,"{""source"":""mission_tab_save"",""answer_count"":5}",2026-05-27 13:59:43.887618+00
179,20260526_181935_mlf_021,mlf_021,draft_verified,"{""weak_count"":4,""partial_count"":0,""likely_average"":1.6,""recommendation"":""Do not submit yet. Fix the weak draft or technical precision issue first."",""four_star_ready"":false,""readiness_average"":1.6,""submit_ready_count"":1}",2026-05-27 13:59:44.314415+00
180,20260526_181935_mlf_021,mlf_021,answers_saved,"{""source"":""mission_tab_save"",""answer_count"":5}",2026-05-27 14:12:14.379493+00
181,20260526_181935_mlf_021,mlf_021,answers_saved,"{""source"":""mission_tab_save"",""answer_count"":5}",2026-05-27 14:12:20.265363+00
182,20260526_181935_mlf_021,mlf_021,draft_verified,"{""weak_count"":3,""partial_count"":1,""likely_average"":2,""recommendation"":""Do not submit yet. Fix the weak draft or technical precision issue first."",""four_star_ready"":false,""readiness_average"":2,""submit_ready_count"":1}",2026-05-27 14:12:20.670331+00
183,20260526_181935_mlf_021,mlf_021,answers_saved,"{""source"":""mission_tab_save"",""answer_count"":5}",2026-05-27 14:13:02.549241+00
184,20260526_181935_mlf_021,mlf_021,answers_saved,"{""source"":""mission_tab_save"",""answer_count"":5}",2026-05-27 15:32:00.122993+00
185,20260526_181935_mlf_021,mlf_021,answers_saved,"{""source"":""mission_tab_save"",""answer_count"":5}",2026-05-27 15:32:41.190971+00
186,20260526_181935_mlf_021,mlf_021,draft_verified,"{""weak_count"":2,""partial_count"":1,""likely_average"":2.6,""recommendation"":""Do not submit yet. Fix the weak draft or technical precision issue first."",""four_star_ready"":false,""readiness_average"":2.6,""submit_ready_count"":2}",2026-05-27 15:32:41.599296+00
187,20260526_181935_mlf_021,mlf_021,answers_saved,"{""source"":""mission_tab_save"",""answer_count"":5}",2026-05-27 15:34:37.499152+00
188,20260526_181935_mlf_021,mlf_021,answers_saved,"{""source"":""mission_tab_save"",""answer_count"":5}",2026-05-27 15:42:19.915256+00
189,20260526_181935_mlf_021,mlf_021,answers_saved,"{""source"":""mission_tab_save"",""answer_count"":5}",2026-05-27 15:42:37.633019+00
190,20260526_181935_mlf_021,mlf_021,draft_verified,"{""weak_count"":2,""partial_count"":1,""likely_average"":2.8,""recommendation"":""Do not submit yet. Fix the weak draft or technical precision issue first."",""four_star_ready"":false,""readiness_average"":2.8,""submit_ready_count"":2}",2026-05-27 15:42:38.042866+00
191,20260526_181935_mlf_021,mlf_021,answers_saved,"{""source"":""mission_tab_save"",""answer_count"":5}",2026-05-27 15:47:44.797626+00
192,20260526_181935_mlf_021,mlf_021,answers_saved,"{""source"":""mission_tab_save"",""answer_count"":5}",2026-05-27 15:48:53.946047+00
193,20260526_181935_mlf_021,mlf_021,draft_verified,"{""weak_count"":1,""partial_count"":1,""likely_average"":3.2,""recommendation"":""Do not submit yet. Fix the weak draft or technical precision issue first."",""four_star_ready"":false,""readiness_average"":3.2,""submit_ready_count"":3}",2026-05-27 15:48:56.535032+00
194,20260526_181935_mlf_021,mlf_021,answers_saved,"{""source"":""mission_tab_save"",""answer_count"":5}",2026-05-27 16:05:36.072755+00
195,20260526_181935_mlf_021,mlf_021,answers_saved,"{""source"":""mission_tab_save"",""answer_count"":5}",2026-05-27 16:06:10.039189+00
196,20260526_181935_mlf_021,mlf_021,draft_verified,"{""weak_count"":0,""partial_count"":1,""likely_average"":3.8,""recommendation"":""Submit-ready for a 4-star attempt. To chase 5, add sharper owner/trigger/action details where relevant."",""four_star_ready"":true,""readiness_average"":3.8,""submit_ready_count"":4}",2026-05-27 16:06:10.426931+00
197,20260526_181935_mlf_021,mlf_021,answers_saved,"{""source"":""mission_tab_save"",""answer_count"":5}",2026-05-27 16:09:22.982967+00
198,20260526_181935_mlf_021,mlf_021,answers_saved,"{""source"":""mission_tab_save"",""answer_count"":5}",2026-05-27 16:10:39.698+00
199,20260526_181935_mlf_021,mlf_021,answers_saved,"{""source"":""mission_tab_save"",""answer_count"":5}",2026-05-27 16:13:11.580361+00
200,20260526_181935_mlf_021,mlf_021,answers_saved,"{""source"":""mission_tab_save"",""answer_count"":5}",2026-05-27 16:15:02.95122+00
201,20260526_181935_mlf_021,mlf_021,answers_saved,"{""source"":""mission_tab_save"",""answer_count"":5}",2026-05-27 16:17:15.395062+00
202,20260526_181935_mlf_021,mlf_021,answers_saved,"{""source"":""mission_tab_save"",""answer_count"":5}",2026-05-27 16:18:07.642407+00
203,20260526_181935_mlf_021,mlf_021,answers_saved,"{""source"":""mission_tab_save"",""answer_count"":5}",2026-05-27 16:18:18.566489+00
204,20260526_181935_mlf_021,mlf_021,draft_verified,"{""weak_count"":0,""partial_count"":1,""likely_average"":3.8,""recommendation"":""Submit-ready for a 4-star attempt. To chase 5, add sharper owner/trigger/action details where relevant."",""four_star_ready"":true,""readiness_average"":3.8,""submit_ready_count"":4}",2026-05-27 16:18:18.985084+00
205,20260526_181935_mlf_021,mlf_021,practice_submission_saved,"{""has_result"":true,""exercise_id"":""mlf_021_group_holdout_indices_v1""}",2026-05-27 16:24:25.794773+00
206,20260526_181935_mlf_021,mlf_021,practice_submission_saved,"{""has_result"":true,""exercise_id"":""mlf_021_group_holdout_indices_v1""}",2026-05-27 16:25:23.293919+00
207,20260526_181935_mlf_021,mlf_021,answers_saved,"{""source"":""mission_tab_save"",""answer_count"":5}",2026-05-27 16:25:44.722156+00
208,20260526_181935_mlf_021,mlf_021,practice_submission_saved,"{""has_result"":false,""exercise_id"":""mlf_021_group_holdout_indices_v1""}",2026-05-27 16:25:45.105322+00
209,20260526_181935_mlf_021,mlf_021,evaluation_complete,"{""scores"":{""communication"":3,""conceptual_clarity"":3,""architect_reasoning"":2,""practical_reasoning"":3},""status"":""completed"",""decision"":""borderline"",""reward_summary"":{""run_id"":""20260526_181935_mlf_021"",""scores"":{""communication"":3,""conceptual_clarity"":3,""architect_reasoning"":2,""practical_reasoning"":3},""decision"":""borderline"",""topic_id"":""mlf_021"",""total_xp"":915,""completed"":true,""xp_earned"":40,""xp_policy"":""best_completed_attempt_per_topic"",""best_stars"":3,""topic_title"":""Validation under time, group, and leakage constraints"",""badge_labels"":"""",""stars_earned"":3,""badges_awarded"":[],""policy_version"":""v2_best_completed_attempt_2026_05"",""best_completed_xp"":40,""base_xp_for_attempt"":40,""best_completion_streak"":11,""current_completion_streak"":9},""unlocked_topics"":[""mlf_022""],""practice_summary"":{""passed"":true,""total_tests"":3,""hidden_total"":1,""total_passed"":3,""hidden_passed"":1,""visible_total"":2,""visible_passed"":2}}",2026-05-27 16:26:20.724148+00
210,20260527_180736_mlf_022,mlf_022,lesson_started,"{""phase"":""awaiting_user_answers"",""status"":""in_progress"",""selection_mode"":""next_unlocked""}",2026-05-27 18:07:37.889253+00
211,20260527_180736_mlf_022,mlf_022,answers_saved,"{""source"":""mission_tab_save"",""answer_count"":5}",2026-05-28 17:43:02.704999+00
212,20260527_180736_mlf_022,mlf_022,answers_saved,"{""source"":""mission_tab_save"",""answer_count"":5}",2026-05-28 17:43:09.135325+00
213,20260527_180736_mlf_022,mlf_022,draft_verified,"{""weak_count"":3,""partial_count"":2,""likely_average"":1.8,""recommendation"":""Do not submit yet. Fix the weak draft or technical precision issue first."",""four_star_ready"":false,""readiness_average"":1.8,""submit_ready_count"":0}",2026-05-28 17:43:09.541984+00
214,20260527_180736_mlf_022,mlf_022,answers_saved,"{""source"":""mission_tab_save"",""answer_count"":5}",2026-05-28 17:44:26.541513+00
215,20260527_180736_mlf_022,mlf_022,draft_verified,"{""weak_count"":3,""partial_count"":0,""likely_average"":2.2,""recommendation"":""Do not submit yet. Fix the weak draft or technical precision issue first."",""four_star_ready"":false,""readiness_average"":2.2,""submit_ready_count"":2}",2026-05-28 17:44:26.933425+00
216,20260527_180736_mlf_022,mlf_022,answers_saved,"{""source"":""mission_tab_save"",""answer_count"":5}",2026-05-28 18:27:32.03321+00
217,20260527_180736_mlf_022,mlf_022,draft_verified,"{""weak_count"":3,""partial_count"":0,""likely_average"":2.2,""recommendation"":""Do not submit yet. Fix empty responses or flagged technical/unsafe claims first."",""four_star_ready"":false,""readiness_average"":2.2,""submit_ready_count"":2}",2026-05-28 18:27:32.671881+00
218,20260527_180736_mlf_022,mlf_022,answers_saved,"{""source"":""mission_tab_save"",""answer_count"":5}",2026-05-28 18:52:50.424937+00
219,20260527_180736_mlf_022,mlf_022,answers_saved,"{""source"":""mission_tab_save"",""answer_count"":5}",2026-05-28 18:53:01.6274+00
220,20260527_180736_mlf_022,mlf_022,draft_verified,"{""weak_count"":3,""partial_count"":0,""likely_average"":2.2,""recommendation"":""Do not submit yet. Fix empty responses or flagged technical/unsafe claims first."",""four_star_ready"":false,""readiness_average"":2.2,""submit_ready_count"":2}",2026-05-28 18:53:02.252762+00
221,20260527_180736_mlf_022,mlf_022,answers_saved,"{""source"":""mission_tab_save"",""answer_count"":5}",2026-05-28 18:54:25.574994+00
222,20260527_180736_mlf_022,mlf_022,answers_saved,"{""source"":""mission_tab_save"",""answer_count"":5}",2026-05-28 18:58:32.239868+00
223,20260527_180736_mlf_022,mlf_022,draft_verified,"{""weak_count"":2,""partial_count"":0,""likely_average"":2.8,""recommendation"":""Do not submit yet. Fix empty responses or flagged technical/unsafe claims first."",""four_star_ready"":false,""readiness_average"":2.8,""submit_ready_count"":3}",2026-05-28 18:58:32.845036+00
224,20260527_180736_mlf_022,mlf_022,answers_saved,"{""source"":""mission_tab_save"",""answer_count"":5}",2026-05-28 19:04:46.48967+00
225,20260527_180736_mlf_022,mlf_022,draft_verified,"{""weak_count"":1,""partial_count"":0,""likely_average"":3.4,""recommendation"":""Do not submit yet. Fix empty responses or flagged technical/unsafe claims first."",""four_star_ready"":false,""readiness_average"":3.4,""submit_ready_count"":4}",2026-05-28 19:04:47.087558+00
226,20260527_180736_mlf_022,mlf_022,answers_saved,"{""source"":""mission_tab_save"",""answer_count"":5}",2026-05-28 19:04:54.899388+00
227,20260527_180736_mlf_022,mlf_022,answers_saved,"{""source"":""mission_tab_save"",""answer_count"":5}",2026-05-28 19:06:05.344417+00
228,20260527_180736_mlf_022,mlf_022,answers_saved,"{""source"":""mission_tab_save"",""answer_count"":5}",2026-05-28 19:10:37.296462+00
229,20260527_180736_mlf_022,mlf_022,answers_saved,"{""source"":""mission_tab_save"",""answer_count"":5}",2026-05-28 19:10:43.539832+00
230,20260527_180736_mlf_022,mlf_022,draft_verified,"{""weak_count"":0,""partial_count"":0,""likely_average"":4,""recommendation"":""No blocking technical issue detected by the draft guardrail. Final evaluation will judge whether your reasoning demonstrates each evidence task."",""four_star_ready"":true,""readiness_average"":4,""submit_ready_count"":5}",2026-05-28 19:10:44.121769+00
231,20260527_180736_mlf_022,mlf_022,answers_saved,"{""source"":""mission_tab_save"",""answer_count"":5}",2026-05-28 19:10:58.435875+00
232,20260527_180736_mlf_022,mlf_022,practice_submission_saved,"{""has_result"":true,""exercise_id"":""mlf_022_select_tuned_candidate_v1""}",2026-05-28 19:14:57.062354+00
233,20260527_180736_mlf_022,mlf_022,answers_saved,"{""source"":""mission_tab_save"",""answer_count"":5}",2026-05-28 19:15:21.778583+00
234,20260527_180736_mlf_022,mlf_022,practice_submission_saved,"{""has_result"":false,""exercise_id"":""mlf_022_select_tuned_candidate_v1""}",2026-05-28 19:15:22.172233+00
235,20260527_180736_mlf_022,mlf_022,evaluation_complete,"{""scores"":{""communication"":2,""conceptual_clarity"":3,""architect_reasoning"":2,""practical_reasoning"":2},""status"":""completed"",""decision"":""borderline"",""reward_summary"":{""run_id"":""20260527_180736_mlf_022"",""scores"":{""communication"":2,""conceptual_clarity"":3,""architect_reasoning"":2,""practical_reasoning"":2},""decision"":""borderline"",""topic_id"":""mlf_022"",""total_xp"":950,""completed"":true,""xp_earned"":35,""xp_policy"":""best_completed_attempt_per_topic"",""best_stars"":2,""topic_title"":""Hyperparameter tuning without fooling yourself"",""badge_labels"":"""",""stars_earned"":2,""badges_awarded"":[],""policy_version"":""v2_best_completed_attempt_2026_05"",""best_completed_xp"":35,""base_xp_for_attempt"":35,""best_completion_streak"":11,""current_completion_streak"":10},""unlocked_topics"":[""mlf_023""],""practice_summary"":{""passed"":true,""total_tests"":3,""hidden_total"":1,""total_passed"":3,""hidden_passed"":1,""visible_total"":2,""visible_passed"":2}}",2026-05-28 19:15:46.953648+00
236,20260528_191647_mlf_023,mlf_023,lesson_started,"{""phase"":""awaiting_user_answers"",""status"":""in_progress"",""selection_mode"":""next_unlocked""}",2026-05-28 19:16:48.992314+00
237,20260528_191647_mlf_023,mlf_023,practice_submission_saved,"{""has_result"":true,""exercise_id"":""mlf_023_metrics_at_threshold_v1""}",2026-05-29 11:26:59.832164+00
238,20260528_191647_mlf_023,mlf_023,practice_submission_saved,"{""has_result"":true,""exercise_id"":""mlf_023_metrics_at_threshold_v1""}",2026-05-29 11:34:59.113382+00
239,20260528_191647_mlf_023,mlf_023,answers_saved,"{""source"":""mission_tab_save"",""answer_count"":4}",2026-05-29 11:35:29.389418+00
240,20260528_191647_mlf_023,mlf_023,answers_saved,"{""source"":""mission_tab_save"",""answer_count"":4}",2026-05-29 13:05:34.352817+00
241,20260528_191647_mlf_023,mlf_023,answers_saved,"{""source"":""mission_tab_save"",""answer_count"":4}",2026-05-29 13:05:41.748621+00
242,20260528_191647_mlf_023,mlf_023,draft_verified,"{""weak_count"":3,""partial_count"":0,""likely_average"":1.75,""recommendation"":""Do not submit yet. Fix empty responses or flagged technical/unsafe claims first."",""four_star_ready"":false,""readiness_average"":1.75,""submit_ready_count"":1}",2026-05-29 13:05:42.345825+00
243,20260528_191647_mlf_023,mlf_023,answers_saved,"{""source"":""mission_tab_save"",""answer_count"":4}",2026-05-29 13:10:36.94609+00
244,20260528_191647_mlf_023,mlf_023,answers_saved,"{""source"":""mission_tab_save"",""answer_count"":4}",2026-05-29 13:10:49.19755+00
245,20260528_191647_mlf_023,mlf_023,draft_verified,"{""weak_count"":2,""partial_count"":0,""likely_average"":2.5,""recommendation"":""Do not submit yet. Fix empty responses or flagged technical/unsafe claims first."",""four_star_ready"":false,""readiness_average"":2.5,""submit_ready_count"":2}",2026-05-29 13:10:49.794488+00
246,20260528_191647_mlf_023,mlf_023,answers_saved,"{""source"":""mission_tab_save"",""answer_count"":4}",2026-05-29 13:10:59.576454+00
247,20260528_191647_mlf_023,mlf_023,answers_saved,"{""source"":""mission_tab_save"",""answer_count"":4}",2026-05-29 13:11:43.823669+00
248,20260528_191647_mlf_023,mlf_023,answers_saved,"{""source"":""mission_tab_save"",""answer_count"":4}",2026-05-29 14:59:47.94844+00
249,20260528_191647_mlf_023,mlf_023,answers_saved,"{""source"":""mission_tab_save"",""answer_count"":4}",2026-05-29 14:59:54.191407+00
250,20260528_191647_mlf_023,mlf_023,draft_verified,"{""weak_count"":1,""partial_count"":0,""likely_average"":3.25,""recommendation"":""Do not submit yet. Fix empty responses or flagged technical/unsafe claims first."",""four_star_ready"":false,""readiness_average"":3.25,""submit_ready_count"":3}",2026-05-29 14:59:54.810863+00
251,20260528_191647_mlf_023,mlf_023,answers_saved,"{""source"":""mission_tab_save"",""answer_count"":4}",2026-05-29 15:03:47.80342+00
252,20260528_191647_mlf_023,mlf_023,answers_saved,"{""source"":""mission_tab_save"",""answer_count"":4}",2026-05-29 15:30:44.184986+00
253,20260528_191647_mlf_023,mlf_023,answers_saved,"{""source"":""mission_tab_save"",""answer_count"":4}",2026-05-29 15:30:50.638601+00
254,20260528_191647_mlf_023,mlf_023,draft_verified,"{""weak_count"":0,""partial_count"":0,""likely_average"":4,""recommendation"":""No blocking technical issue detected by the draft guardrail. Final evaluation will judge whether your reasoning demonstrates each evidence task."",""four_star_ready"":true,""readiness_average"":4,""submit_ready_count"":4}",2026-05-29 15:30:51.248135+00
255,20260528_191647_mlf_023,mlf_023,answers_saved,"{""source"":""mission_tab_save"",""answer_count"":4}",2026-05-29 15:31:12.477223+00
256,20260528_191647_mlf_023,mlf_023,practice_submission_saved,"{""has_result"":false,""exercise_id"":""mlf_023_metrics_at_threshold_v1""}",2026-05-29 15:31:12.8644+00
257,20260528_191647_mlf_023,mlf_023,evaluation_complete,"{""scores"":{""communication"":2,""conceptual_clarity"":3,""architect_reasoning"":2,""practical_reasoning"":3},""status"":""completed"",""decision"":""borderline"",""reward_summary"":{""run_id"":""20260528_191647_mlf_023"",""scores"":{""communication"":2,""conceptual_clarity"":3,""architect_reasoning"":2,""practical_reasoning"":3},""decision"":""borderline"",""topic_id"":""mlf_023"",""total_xp"":985,""completed"":true,""xp_earned"":35,""xp_policy"":""best_completed_attempt_per_topic"",""best_stars"":2,""topic_title"":""ROC, PR curves, and operating points"",""badge_labels"":"""",""stars_earned"":2,""badges_awarded"":[],""policy_version"":""v2_best_completed_attempt_2026_05"",""best_completed_xp"":35,""base_xp_for_attempt"":35,""best_completion_streak"":11,""current_completion_streak"":11},""unlocked_topics"":[""mlf_024""],""practice_summary"":{""passed"":true,""total_tests"":3,""hidden_total"":1,""total_passed"":3,""hidden_passed"":1,""visible_total"":2,""visible_passed"":2}}",2026-05-29 15:31:47.733396+00
258,20260529_153603_mlf_024,mlf_024,lesson_started,"{""phase"":""awaiting_user_answers"",""status"":""in_progress"",""selection_mode"":""next_unlocked""}",2026-05-29 15:36:05.754659+00
259,20260529_153603_mlf_024,mlf_024,answers_saved,"{""source"":""mission_tab_save"",""answer_count"":4}",2026-05-31 10:59:35.963948+00
260,20260529_153603_mlf_024,mlf_024,draft_verified,"{""weak_count"":3,""partial_count"":0,""likely_average"":1.75,""recommendation"":""Do not submit yet. Fix empty responses or flagged technical/unsafe claims first."",""four_star_ready"":false,""readiness_average"":1.75,""submit_ready_count"":1}",2026-05-31 10:59:36.559613+00
261,20260529_153603_mlf_024,mlf_024,answers_saved,"{""source"":""mission_tab_save"",""answer_count"":4}",2026-05-31 11:04:04.853663+00
262,20260529_153603_mlf_024,mlf_024,answers_saved,"{""source"":""mission_tab_save"",""answer_count"":4}",2026-05-31 11:04:13.777685+00
263,20260529_153603_mlf_024,mlf_024,draft_verified,"{""weak_count"":2,""partial_count"":0,""likely_average"":2.5,""recommendation"":""Do not submit yet. Fix empty responses or flagged technical/unsafe claims first."",""four_star_ready"":false,""readiness_average"":2.5,""submit_ready_count"":2}",2026-05-31 11:04:14.407891+00
264,20260529_153603_mlf_024,mlf_024,answers_saved,"{""source"":""mission_tab_save"",""answer_count"":4}",2026-05-31 11:04:53.190485+00
265,20260529_153603_mlf_024,mlf_024,answers_saved,"{""source"":""mission_tab_save"",""answer_count"":4}",2026-05-31 11:12:31.313279+00
266,20260529_153603_mlf_024,mlf_024,answers_saved,"{""source"":""mission_tab_save"",""answer_count"":4}",2026-05-31 11:13:04.339548+00
267,20260529_153603_mlf_024,mlf_024,draft_verified,"{""weak_count"":1,""partial_count"":0,""likely_average"":3.25,""recommendation"":""Do not submit yet. Fix empty responses or flagged technical/unsafe claims first."",""four_star_ready"":false,""readiness_average"":3.25,""submit_ready_count"":3}",2026-05-31 11:13:04.937385+00
268,20260529_153603_mlf_024,mlf_024,answers_saved,"{""source"":""mission_tab_save"",""answer_count"":4}",2026-05-31 11:23:41.715703+00
269,20260529_153603_mlf_024,mlf_024,answers_saved,"{""source"":""mission_tab_save"",""answer_count"":4}",2026-05-31 11:23:51.59928+00
270,20260529_153603_mlf_024,mlf_024,answers_saved,"{""source"":""mission_tab_save"",""answer_count"":4}",2026-05-31 11:23:57.909152+00
271,20260529_153603_mlf_024,mlf_024,draft_verified,"{""weak_count"":0,""partial_count"":0,""likely_average"":4,""recommendation"":""No blocking technical issue detected by the draft guardrail. Final evaluation will judge whether your reasoning demonstrates each evidence task."",""four_star_ready"":true,""readiness_average"":4,""submit_ready_count"":4}",2026-05-31 11:23:58.488442+00
272,20260529_153603_mlf_024,mlf_024,practice_submission_saved,"{""has_result"":true,""exercise_id"":""mlf_024_brier_score_v1""}",2026-05-31 12:41:44.646764+00
273,20260529_153603_mlf_024,mlf_024,answers_saved,"{""source"":""mission_tab_save"",""answer_count"":4}",2026-05-31 12:42:05.722873+00
274,20260529_153603_mlf_024,mlf_024,practice_submission_saved,"{""has_result"":false,""exercise_id"":""mlf_024_brier_score_v1""}",2026-05-31 12:42:06.120884+00
275,20260529_153603_mlf_024,mlf_024,evaluation_complete,"{""scores"":{""communication"":3,""conceptual_clarity"":3,""architect_reasoning"":2,""practical_reasoning"":3},""status"":""completed"",""decision"":""borderline"",""reward_summary"":{""run_id"":""20260529_153603_mlf_024"",""scores"":{""communication"":3,""conceptual_clarity"":3,""architect_reasoning"":2,""practical_reasoning"":3},""decision"":""borderline"",""topic_id"":""mlf_024"",""total_xp"":1025,""completed"":true,""xp_earned"":40,""xp_policy"":""best_completed_attempt_per_topic"",""best_stars"":3,""topic_title"":""Probability calibration and confidence"",""badge_labels"":"""",""stars_earned"":3,""badges_awarded"":[],""policy_version"":""v2_best_completed_attempt_2026_05"",""best_completed_xp"":40,""base_xp_for_attempt"":40,""best_completion_streak"":12,""current_completion_streak"":12},""unlocked_topics"":[""mlf_025""],""practice_summary"":{""passed"":true,""total_tests"":3,""hidden_total"":1,""total_passed"":3,""hidden_passed"":1,""visible_total"":2,""visible_passed"":2}}",2026-05-31 12:42:29.587124+00
276,20260531_144423_mlf_025,mlf_025,lesson_started,"{""phase"":""awaiting_user_answers"",""status"":""in_progress"",""selection_mode"":""next_unlocked""}",2026-05-31 14:44:25.398301+00
277,20260531_144423_mlf_025,mlf_025,practice_submission_saved,"{""has_result"":true,""exercise_id"":""mlf_025_label_disagreement_v1""}",2026-05-31 17:43:46.093641+00
278,20260531_144423_mlf_025,mlf_025,answers_saved,"{""source"":""mission_tab_save"",""answer_count"":4}",2026-05-31 17:45:09.664478+00
279,20260531_144423_mlf_025,mlf_025,answers_saved,"{""source"":""mission_tab_save"",""answer_count"":4}",2026-05-31 17:50:07.764255+00
280,20260531_144423_mlf_025,mlf_025,draft_verified,"{""weak_count"":3,""partial_count"":0,""likely_average"":1.75,""recommendation"":""Do not submit yet. Fix empty responses or flagged technical/unsafe claims first."",""four_star_ready"":false,""readiness_average"":1.75,""submit_ready_count"":1}",2026-05-31 17:50:08.716086+00
281,20260531_144423_mlf_025,mlf_025,answers_saved,"{""source"":""mission_tab_save"",""answer_count"":4}",2026-05-31 17:50:13.603638+00
282,20260531_144423_mlf_025,mlf_025,answers_saved,"{""source"":""mission_tab_save"",""answer_count"":4}",2026-05-31 17:53:20.540776+00
283,20260531_144423_mlf_025,mlf_025,answers_saved,"{""source"":""mission_tab_save"",""answer_count"":4}",2026-05-31 17:58:41.956179+00
284,20260531_144423_mlf_025,mlf_025,answers_saved,"{""source"":""mission_tab_save"",""answer_count"":4}",2026-05-31 17:58:48.633666+00
285,20260531_144423_mlf_025,mlf_025,draft_verified,"{""weak_count"":2,""partial_count"":0,""likely_average"":2.5,""recommendation"":""Do not submit yet. Fix empty responses or flagged technical/unsafe claims first."",""four_star_ready"":false,""readiness_average"":2.5,""submit_ready_count"":2}",2026-05-31 17:58:49.227667+00
286,20260531_144423_mlf_025,mlf_025,answers_saved,"{""source"":""mission_tab_save"",""answer_count"":4}",2026-05-31 18:04:21.007937+00
287,20260531_144423_mlf_025,mlf_025,answers_saved,"{""source"":""mission_tab_save"",""answer_count"":4}",2026-05-31 18:04:31.228958+00
288,20260531_144423_mlf_025,mlf_025,answers_saved,"{""source"":""mission_tab_save"",""answer_count"":4}",2026-05-31 18:04:38.503259+00
289,20260531_144423_mlf_025,mlf_025,draft_verified,"{""weak_count"":1,""partial_count"":0,""likely_average"":3.25,""recommendation"":""Do not submit yet. Fix empty responses or flagged technical/unsafe claims first."",""four_star_ready"":false,""readiness_average"":3.25,""submit_ready_count"":3}",2026-05-31 18:04:39.113089+00
290,20260531_144423_mlf_025,mlf_025,answers_saved,"{""source"":""mission_tab_save"",""answer_count"":4}",2026-05-31 18:07:48.726746+00
291,20260531_144423_mlf_025,mlf_025,answers_saved,"{""source"":""mission_tab_save"",""answer_count"":4}",2026-05-31 18:13:42.070084+00
292,20260531_144423_mlf_025,mlf_025,answers_saved,"{""source"":""mission_tab_save"",""answer_count"":4}",2026-05-31 18:13:48.423141+00
293,20260531_144423_mlf_025,mlf_025,draft_verified,"{""weak_count"":0,""partial_count"":0,""likely_average"":4,""recommendation"":""No blocking technical issue detected by the draft guardrail. Final evaluation will judge whether your reasoning demonstrates each evidence task."",""four_star_ready"":true,""readiness_average"":4,""submit_ready_count"":4}",2026-05-31 18:13:49.004401+00
294,20260531_144423_mlf_025,mlf_025,answers_saved,"{""source"":""mission_tab_save"",""answer_count"":4}",2026-05-31 18:14:09.487976+00
295,20260531_144423_mlf_025,mlf_025,practice_submission_saved,"{""has_result"":false,""exercise_id"":""mlf_025_label_disagreement_v1""}",2026-05-31 18:14:09.891499+00
296,20260531_144423_mlf_025,mlf_025,evaluation_complete,"{""scores"":{""communication"":3,""conceptual_clarity"":3,""architect_reasoning"":2,""practical_reasoning"":2},""status"":""completed"",""decision"":""borderline"",""reward_summary"":{""run_id"":""20260531_144423_mlf_025"",""scores"":{""communication"":3,""conceptual_clarity"":3,""architect_reasoning"":2,""practical_reasoning"":2},""decision"":""borderline"",""topic_id"":""mlf_025"",""total_xp"":1060,""completed"":true,""xp_earned"":35,""xp_policy"":""best_completed_attempt_per_topic"",""best_stars"":2,""topic_title"":""Data quality, label quality, and sampling bias"",""badge_labels"":"""",""stars_earned"":2,""badges_awarded"":[],""policy_version"":""v2_best_completed_attempt_2026_05"",""best_completed_xp"":35,""base_xp_for_attempt"":35,""best_completion_streak"":13,""current_completion_streak"":13},""unlocked_topics"":[""checkpoint_ml_architect_001""],""practice_summary"":{""passed"":true,""total_tests"":3,""hidden_total"":1,""total_passed"":3,""hidden_passed"":1,""visible_total"":2,""visible_passed"":2}}",2026-05-31 18:14:37.588471+00
297,20260531_181647_checkpoint_ml_architect_001,checkpoint_ml_architect_001,lesson_started,"{""phase"":""awaiting_user_answers"",""status"":""in_progress"",""selection_mode"":""next_unlocked""}",2026-05-31 18:16:49.827446+00
298,20260531_181647_checkpoint_ml_architect_001,checkpoint_ml_architect_001,answers_saved,"{""source"":""mission_tab_save"",""answer_count"":5}",2026-06-03 15:07:59.458575+00
299,20260531_181647_checkpoint_ml_architect_001,checkpoint_ml_architect_001,answers_saved,"{""source"":""mission_tab_save"",""answer_count"":5}",2026-06-03 15:08:22.850325+00
300,20260531_181647_checkpoint_ml_architect_001,checkpoint_ml_architect_001,draft_verified,"{""weak_count"":4,""partial_count"":0,""likely_average"":1.6,""recommendation"":""Do not submit yet. Fix empty responses or flagged technical/unsafe claims first."",""four_star_ready"":false,""readiness_average"":1.6,""submit_ready_count"":1}",2026-06-03 15:08:23.48262+00
301,20260531_181647_checkpoint_ml_architect_001,checkpoint_ml_architect_001,answers_saved,"{""source"":""mission_tab_save"",""answer_count"":5}",2026-06-03 15:24:09.316924+00
302,20260531_181647_checkpoint_ml_architect_001,checkpoint_ml_architect_001,answers_saved,"{""source"":""mission_tab_save"",""answer_count"":5}",2026-06-03 15:33:58.693387+00
303,20260531_181647_checkpoint_ml_architect_001,checkpoint_ml_architect_001,draft_verified,"{""weak_count"":3,""partial_count"":0,""likely_average"":2.2,""recommendation"":""Do not submit yet. Fix empty responses or flagged technical/unsafe claims first."",""four_star_ready"":false,""readiness_average"":2.2,""submit_ready_count"":2}",2026-06-03 15:33:59.295691+00
304,20260531_181647_checkpoint_ml_architect_001,checkpoint_ml_architect_001,answers_saved,"{""source"":""mission_tab_save"",""answer_count"":5}",2026-06-03 16:08:22.521449+00
305,20260531_181647_checkpoint_ml_architect_001,checkpoint_ml_architect_001,draft_verified,"{""weak_count"":2,""partial_count"":0,""likely_average"":2.8,""recommendation"":""Do not submit yet. Fix empty responses or flagged technical/unsafe claims first."",""four_star_ready"":false,""readiness_average"":2.8,""submit_ready_count"":3}",2026-06-03 16:08:23.160536+00
306,20260531_181647_checkpoint_ml_architect_001,checkpoint_ml_architect_001,answers_saved,"{""source"":""mission_tab_save"",""answer_count"":5}",2026-06-03 16:13:34.492231+00
307,20260531_181647_checkpoint_ml_architect_001,checkpoint_ml_architect_001,answers_saved,"{""source"":""mission_tab_save"",""answer_count"":5}",2026-06-03 16:18:20.475009+00
308,20260531_181647_checkpoint_ml_architect_001,checkpoint_ml_architect_001,answers_saved,"{""source"":""mission_tab_save"",""answer_count"":5}",2026-06-03 17:47:14.059095+00
309,20260531_181647_checkpoint_ml_architect_001,checkpoint_ml_architect_001,answers_saved,"{""source"":""mission_tab_save"",""answer_count"":5}",2026-06-03 17:47:25.194413+00
310,20260531_181647_checkpoint_ml_architect_001,checkpoint_ml_architect_001,draft_verified,"{""weak_count"":1,""partial_count"":0,""likely_average"":3.4,""recommendation"":""Do not submit yet. Fix empty responses or flagged technical/unsafe claims first."",""four_star_ready"":false,""readiness_average"":3.4,""submit_ready_count"":4}",2026-06-03 17:47:25.809027+00
311,20260531_181647_checkpoint_ml_architect_001,checkpoint_ml_architect_001,answers_saved,"{""source"":""mission_tab_save"",""answer_count"":5}",2026-06-03 17:55:39.364624+00
312,20260531_181647_checkpoint_ml_architect_001,checkpoint_ml_architect_001,answers_saved,"{""source"":""mission_tab_save"",""answer_count"":5}",2026-06-03 17:55:45.701087+00
313,20260531_181647_checkpoint_ml_architect_001,checkpoint_ml_architect_001,draft_verified,"{""weak_count"":0,""partial_count"":0,""likely_average"":4,""recommendation"":""No blocking technical issue detected by the draft guardrail. Final evaluation will judge whether your reasoning demonstrates each evidence task."",""four_star_ready"":true,""readiness_average"":4,""submit_ready_count"":5}",2026-06-03 17:55:46.298604+00
314,20260531_181647_checkpoint_ml_architect_001,checkpoint_ml_architect_001,answers_saved,"{""source"":""mission_tab_save"",""answer_count"":5}",2026-06-03 17:56:10.989162+00
315,20260531_181647_checkpoint_ml_architect_001,checkpoint_ml_architect_001,practice_submission_saved,"{""has_result"":true,""exercise_id"":""checkpoint_ml_architect_two_function_gate_v1""}",2026-06-03 18:04:14.843798+00
316,20260531_181647_checkpoint_ml_architect_001,checkpoint_ml_architect_001,answers_saved,"{""source"":""mission_tab_save"",""answer_count"":5}",2026-06-03 18:04:37.282924+00
317,20260531_181647_checkpoint_ml_architect_001,checkpoint_ml_architect_001,practice_submission_saved,"{""has_result"":false,""exercise_id"":""checkpoint_ml_architect_two_function_gate_v1""}",2026-06-03 18:04:37.689005+00
318,20260531_181647_checkpoint_ml_architect_001,checkpoint_ml_architect_001,evaluation_complete,"{""scores"":{""communication"":3,""conceptual_clarity"":3,""architect_reasoning"":3,""practical_reasoning"":3},""status"":""revise"",""decision"":""revise"",""reward_summary"":{""run_id"":""20260531_181647_checkpoint_ml_architect_001"",""scores"":{""communication"":3,""conceptual_clarity"":3,""architect_reasoning"":3,""practical_reasoning"":3},""decision"":""revise"",""topic_id"":""checkpoint_ml_architect_001"",""total_xp"":1060,""completed"":false,""xp_earned"":0,""xp_policy"":""best_completed_attempt_per_topic"",""best_stars"":0,""topic_title"":""Checkpoint 2: ML Architect Readiness Review"",""badge_labels"":"""",""stars_earned"":3,""badges_awarded"":[],""policy_version"":""v2_best_completed_attempt_2026_05"",""best_completed_xp"":0,""base_xp_for_attempt"":0,""best_completion_streak"":13,""current_completion_streak"":0},""unlocked_topics"":[],""practice_summary"":{""passed"":true,""total_tests"":4,""hidden_total"":2,""total_passed"":4,""hidden_passed"":2,""visible_total"":2,""visible_passed"":2}}",2026-06-03 18:05:04.16886+00
319,20260603_180731_checkpoint_ml_architect_001,checkpoint_ml_architect_001,lesson_started,"{""phase"":""awaiting_user_answers"",""status"":""in_progress"",""selection_mode"":""next_unlocked""}",2026-06-03 18:07:32.966303+00
320,20260603_180731_checkpoint_ml_architect_001,checkpoint_ml_architect_001,answers_saved,"{""source"":""mission_tab_save"",""answer_count"":5}",2026-06-03 18:10:08.96044+00
321,20260603_180731_checkpoint_ml_architect_001,checkpoint_ml_architect_001,answers_saved,"{""source"":""mission_tab_save"",""answer_count"":5}",2026-06-03 18:10:17.738853+00
322,20260603_180731_checkpoint_ml_architect_001,checkpoint_ml_architect_001,draft_verified,"{""weak_count"":0,""partial_count"":0,""likely_average"":4,""recommendation"":""No blocking technical issue detected by the draft guardrail. Final evaluation will judge whether your reasoning demonstrates each evidence task."",""four_star_ready"":true,""readiness_average"":4,""submit_ready_count"":5}",2026-06-03 18:10:18.315338+00
323,20260603_180731_checkpoint_ml_architect_001,checkpoint_ml_architect_001,practice_submission_saved,"{""has_result"":true,""exercise_id"":""checkpoint_ml_architect_two_function_gate_v1""}",2026-06-03 18:10:52.631207+00
324,20260603_180731_checkpoint_ml_architect_001,checkpoint_ml_architect_001,answers_saved,"{""source"":""mission_tab_save"",""answer_count"":5}",2026-06-03 18:11:04.939995+00
325,20260603_180731_checkpoint_ml_architect_001,checkpoint_ml_architect_001,practice_submission_saved,"{""has_result"":false,""exercise_id"":""checkpoint_ml_architect_two_function_gate_v1""}",2026-06-03 18:11:05.331549+00
326,20260603_180731_checkpoint_ml_architect_001,checkpoint_ml_architect_001,evaluation_complete,"{""scores"":{""communication"":3,""conceptual_clarity"":3,""architect_reasoning"":2,""practical_reasoning"":3},""status"":""revise"",""decision"":""revise"",""reward_summary"":{""run_id"":""20260603_180731_checkpoint_ml_architect_001"",""scores"":{""communication"":3,""conceptual_clarity"":3,""architect_reasoning"":2,""practical_reasoning"":3},""decision"":""revise"",""topic_id"":""checkpoint_ml_architect_001"",""total_xp"":1060,""completed"":false,""xp_earned"":0,""xp_policy"":""best_completed_attempt_per_topic"",""best_stars"":0,""topic_title"":""Checkpoint 2: ML Architect Readiness Review"",""badge_labels"":"""",""stars_earned"":3,""badges_awarded"":[],""policy_version"":""v2_best_completed_attempt_2026_05"",""best_completed_xp"":0,""base_xp_for_attempt"":0,""best_completion_streak"":13,""current_completion_streak"":0},""unlocked_topics"":[],""practice_summary"":{""passed"":true,""total_tests"":4,""hidden_total"":2,""total_passed"":4,""hidden_passed"":2,""visible_total"":2,""visible_passed"":2}}",2026-06-03 18:11:25.193407+00
327,20260603_183042_checkpoint_ml_architect_001,checkpoint_ml_architect_001,lesson_started,"{""phase"":""awaiting_user_answers"",""status"":""in_progress"",""selection_mode"":""next_unlocked""}",2026-06-03 18:30:44.02614+00
328,20260603_183042_checkpoint_ml_architect_001,checkpoint_ml_architect_001,answers_saved,"{""source"":""mission_tab_save"",""answer_count"":5}",2026-06-03 18:31:59.850696+00
329,20260603_183042_checkpoint_ml_architect_001,checkpoint_ml_architect_001,practice_submission_saved,"{""has_result"":true,""exercise_id"":""checkpoint_ml_architect_two_function_gate_v1""}",2026-06-03 18:32:44.078123+00
330,20260603_183042_checkpoint_ml_architect_001,checkpoint_ml_architect_001,answers_saved,"{""source"":""mission_tab_save"",""answer_count"":5}",2026-06-03 18:32:57.443097+00
331,20260603_183042_checkpoint_ml_architect_001,checkpoint_ml_architect_001,practice_submission_saved,"{""has_result"":false,""exercise_id"":""checkpoint_ml_architect_two_function_gate_v1""}",2026-06-03 18:32:57.838954+00
332,20260603_183042_checkpoint_ml_architect_001,checkpoint_ml_architect_001,evaluation_complete,"{""scores"":{""communication"":4,""conceptual_clarity"":4,""architect_reasoning"":4,""practical_reasoning"":4},""status"":""completed"",""decision"":""pass"",""reward_summary"":{""run_id"":""20260603_183042_checkpoint_ml_architect_001"",""scores"":{""communication"":4,""conceptual_clarity"":4,""architect_reasoning"":4,""practical_reasoning"":4},""decision"":""pass"",""topic_id"":""checkpoint_ml_architect_001"",""total_xp"":1160,""completed"":true,""xp_earned"":100,""xp_policy"":""best_completed_attempt_per_topic"",""best_stars"":4,""topic_title"":""Checkpoint 2: ML Architect Readiness Review"",""badge_labels"":"""",""stars_earned"":4,""badges_awarded"":[],""policy_version"":""v2_best_completed_attempt_2026_05"",""best_completed_xp"":100,""base_xp_for_attempt"":100,""best_completion_streak"":13,""current_completion_streak"":1},""unlocked_topics"":[""capstone_ml_architect_001""],""practice_summary"":{""passed"":true,""total_tests"":4,""hidden_total"":2,""total_passed"":4,""hidden_passed"":2,""visible_total"":2,""visible_passed"":2}}",2026-06-03 18:33:20.616458+00
333,20260604_150211_capstone_ml_architect_001,capstone_ml_architect_001,lesson_started,"{""phase"":""awaiting_user_answers"",""status"":""in_progress"",""selection_mode"":""next_unlocked""}",2026-06-04 15:02:13.747926+00
334,20260604_150211_capstone_ml_architect_001,capstone_ml_architect_001,practice_submission_saved,"{""has_result"":true,""exercise_id"":""capstone_deployment_policy_v1""}",2026-06-07 13:49:03.270447+00
335,20260604_150211_capstone_ml_architect_001,capstone_ml_architect_001,practice_submission_saved,"{""has_result"":true,""exercise_id"":""capstone_deployment_policy_v1""}",2026-06-07 13:49:11.982237+00
336,20260604_150211_capstone_ml_architect_001,capstone_ml_architect_001,answers_saved,"{""source"":""mission_tab_save"",""answer_count"":5}",2026-06-07 13:49:40.387581+00
337,20260604_150211_capstone_ml_architect_001,capstone_ml_architect_001,answers_saved,"{""source"":""mission_tab_save"",""answer_count"":5}",2026-06-07 14:03:24.904218+00
338,20260604_150211_capstone_ml_architect_001,capstone_ml_architect_001,answers_saved,"{""source"":""mission_tab_save"",""answer_count"":5}",2026-06-07 14:03:33.055464+00
339,20260604_150211_capstone_ml_architect_001,capstone_ml_architect_001,draft_verified,"{""weak_count"":4,""partial_count"":0,""likely_average"":1.6,""recommendation"":""Do not submit yet. Fix empty responses or flagged technical/unsafe claims first."",""four_star_ready"":false,""readiness_average"":1.6,""submit_ready_count"":1}",2026-06-07 14:03:33.708138+00
340,20260604_150211_capstone_ml_architect_001,capstone_ml_architect_001,answers_saved,"{""source"":""mission_tab_save"",""answer_count"":5}",2026-06-07 14:16:59.673563+00
341,20260604_150211_capstone_ml_architect_001,capstone_ml_architect_001,answers_saved,"{""source"":""mission_tab_save"",""answer_count"":5}",2026-06-07 14:17:08.051851+00
342,20260604_150211_capstone_ml_architect_001,capstone_ml_architect_001,draft_verified,"{""weak_count"":3,""partial_count"":0,""likely_average"":2.2,""recommendation"":""Do not submit yet. Fix empty responses or flagged technical/unsafe claims first."",""four_star_ready"":false,""readiness_average"":2.2,""submit_ready_count"":2}",2026-06-07 14:17:08.696152+00
343,20260604_150211_capstone_ml_architect_001,capstone_ml_architect_001,answers_saved,"{""source"":""mission_tab_save"",""answer_count"":5}",2026-06-07 14:29:16.493747+00
344,20260604_150211_capstone_ml_architect_001,capstone_ml_architect_001,answers_saved,"{""source"":""mission_tab_save"",""answer_count"":5}",2026-06-07 14:29:34.370479+00
345,20260604_150211_capstone_ml_architect_001,capstone_ml_architect_001,draft_verified,"{""weak_count"":2,""partial_count"":0,""likely_average"":2.8,""recommendation"":""Do not submit yet. Fix empty responses or flagged technical/unsafe claims first."",""four_star_ready"":false,""readiness_average"":2.8,""submit_ready_count"":3}",2026-06-07 14:29:34.989588+00
346,20260604_150211_capstone_ml_architect_001,capstone_ml_architect_001,answers_saved,"{""source"":""mission_tab_save"",""answer_count"":5}",2026-06-07 14:30:54.914897+00
347,20260604_150211_capstone_ml_architect_001,capstone_ml_architect_001,draft_verified,"{""weak_count"":1,""partial_count"":0,""likely_average"":3.4,""recommendation"":""Do not submit yet. Fix empty responses or flagged technical/unsafe claims first."",""four_star_ready"":false,""readiness_average"":3.4,""submit_ready_count"":4}",2026-06-07 14:30:55.558408+00
348,20260604_150211_capstone_ml_architect_001,capstone_ml_architect_001,answers_saved,"{""source"":""mission_tab_save"",""answer_count"":5}",2026-06-07 14:31:03.663583+00
349,20260604_150211_capstone_ml_architect_001,capstone_ml_architect_001,answers_saved,"{""source"":""mission_tab_save"",""answer_count"":5}",2026-06-07 14:32:50.120144+00
350,20260604_150211_capstone_ml_architect_001,capstone_ml_architect_001,answers_saved,"{""source"":""mission_tab_save"",""answer_count"":5}",2026-06-07 14:37:08.312969+00
351,20260604_150211_capstone_ml_architect_001,capstone_ml_architect_001,draft_verified,"{""weak_count"":0,""partial_count"":0,""likely_average"":4,""recommendation"":""No blocking technical issue detected by the draft guardrail. Final evaluation will judge whether your reasoning demonstrates each evidence task."",""four_star_ready"":true,""readiness_average"":4,""submit_ready_count"":5}",2026-06-07 14:37:08.95542+00
352,20260604_150211_capstone_ml_architect_001,capstone_ml_architect_001,answers_saved,"{""source"":""mission_tab_save"",""answer_count"":5}",2026-06-07 14:37:38.419038+00
353,20260604_150211_capstone_ml_architect_001,capstone_ml_architect_001,draft_verified,"{""weak_count"":0,""partial_count"":0,""likely_average"":4,""recommendation"":""No blocking technical issue detected by the draft guardrail. Final evaluation will judge whether your reasoning demonstrates each evidence task."",""four_star_ready"":true,""readiness_average"":4,""submit_ready_count"":5}",2026-06-07 14:37:39.040825+00
354,20260604_150211_capstone_ml_architect_001,capstone_ml_architect_001,answers_saved,"{""source"":""mission_tab_save"",""answer_count"":5}",2026-06-07 14:37:46.042292+00
355,20260604_150211_capstone_ml_architect_001,capstone_ml_architect_001,answers_saved,"{""source"":""mission_tab_save"",""answer_count"":5}",2026-06-07 14:37:59.642306+00
356,20260604_150211_capstone_ml_architect_001,capstone_ml_architect_001,practice_submission_saved,"{""has_result"":false,""exercise_id"":""capstone_deployment_policy_v1""}",2026-06-07 14:38:00.05185+00
357,20260604_150211_capstone_ml_architect_001,capstone_ml_architect_001,evaluation_complete,"{""scores"":{""communication"":3,""conceptual_clarity"":3,""architect_reasoning"":2,""practical_reasoning"":3},""status"":""revise"",""decision"":""revise"",""reward_summary"":{""run_id"":""20260604_150211_capstone_ml_architect_001"",""scores"":{""communication"":3,""conceptual_clarity"":3,""architect_reasoning"":2,""practical_reasoning"":3},""decision"":""revise"",""topic_id"":""capstone_ml_architect_001"",""total_xp"":1160,""completed"":false,""xp_earned"":0,""xp_policy"":""best_completed_attempt_per_topic"",""best_stars"":0,""topic_title"":""Capstone: Predictive Quality ML Architecture"",""badge_labels"":"""",""stars_earned"":3,""badges_awarded"":[],""policy_version"":""v2_best_completed_attempt_2026_05"",""best_completed_xp"":0,""base_xp_for_attempt"":0,""best_completion_streak"":13,""current_completion_streak"":0},""unlocked_topics"":[],""practice_summary"":{""passed"":true,""total_tests"":4,""hidden_total"":1,""total_passed"":4,""hidden_passed"":1,""visible_total"":3,""visible_passed"":3}}",2026-06-07 14:38:26.923581+00
358,20260607_144245_capstone_ml_architect_001,capstone_ml_architect_001,lesson_started,"{""phase"":""awaiting_user_answers"",""status"":""in_progress"",""selection_mode"":""next_unlocked""}",2026-06-07 14:42:47.619414+00
359,20260607_144245_capstone_ml_architect_001,capstone_ml_architect_001,practice_submission_saved,"{""has_result"":true,""exercise_id"":""capstone_deployment_policy_v1""}",2026-06-07 14:48:06.558929+00
360,20260607_144245_capstone_ml_architect_001,capstone_ml_architect_001,answers_saved,"{""source"":""mission_tab_save"",""answer_count"":5}",2026-06-07 14:48:21.237671+00
361,20260607_144245_capstone_ml_architect_001,capstone_ml_architect_001,practice_submission_saved,"{""has_result"":false,""exercise_id"":""capstone_deployment_policy_v1""}",2026-06-07 14:48:21.659903+00
362,20260607_144245_capstone_ml_architect_001,capstone_ml_architect_001,evaluation_complete,"{""scores"":{""communication"":3,""conceptual_clarity"":3,""architect_reasoning"":3,""practical_reasoning"":3},""status"":""revise"",""decision"":""revise"",""reward_summary"":{""run_id"":""20260607_144245_capstone_ml_architect_001"",""scores"":{""communication"":3,""conceptual_clarity"":3,""architect_reasoning"":3,""practical_reasoning"":3},""decision"":""revise"",""topic_id"":""capstone_ml_architect_001"",""total_xp"":1160,""completed"":false,""xp_earned"":0,""xp_policy"":""best_completed_attempt_per_topic"",""best_stars"":0,""topic_title"":""Capstone: Predictive Quality ML Architecture"",""badge_labels"":"""",""stars_earned"":3,""badges_awarded"":[],""policy_version"":""v2_best_completed_attempt_2026_05"",""best_completed_xp"":0,""base_xp_for_attempt"":0,""best_completion_streak"":13,""current_completion_streak"":0},""unlocked_topics"":[],""practice_summary"":{""passed"":true,""total_tests"":4,""hidden_total"":1,""total_passed"":4,""hidden_passed"":1,""visible_total"":3,""visible_passed"":3}}",2026-06-07 14:48:42.404596+00
363,20260607_171023_capstone_ml_architect_001,capstone_ml_architect_001,lesson_started,"{""phase"":""awaiting_user_answers"",""status"":""in_progress"",""selection_mode"":""next_unlocked""}",2026-06-07 17:10:25.890174+00
364,20260607_171023_capstone_ml_architect_001,capstone_ml_architect_001,practice_submission_saved,"{""has_result"":true,""exercise_id"":""capstone_deployment_policy_v1""}",2026-06-07 17:28:36.728358+00
365,20260607_171023_capstone_ml_architect_001,capstone_ml_architect_001,answers_saved,"{""source"":""mission_tab_save"",""answer_count"":5}",2026-06-07 17:28:46.801873+00
366,20260607_171023_capstone_ml_architect_001,capstone_ml_architect_001,practice_submission_saved,"{""has_result"":false,""exercise_id"":""capstone_deployment_policy_v1""}",2026-06-07 17:28:47.221687+00
367,20260607_171023_capstone_ml_architect_001,capstone_ml_architect_001,evaluation_complete,"{""scores"":{""communication"":3,""conceptual_clarity"":4,""architect_reasoning"":3,""practical_reasoning"":3},""status"":""completed"",""decision"":""borderline"",""reward_summary"":{""run_id"":""20260607_171023_capstone_ml_architect_001"",""scores"":{""communication"":3,""conceptual_clarity"":4,""architect_reasoning"":3,""practical_reasoning"":3},""decision"":""borderline"",""topic_id"":""capstone_ml_architect_001"",""total_xp"":1200,""completed"":true,""xp_earned"":40,""xp_policy"":""best_completed_attempt_per_topic"",""best_stars"":3,""topic_title"":""Capstone: Predictive Quality ML Architecture"",""badge_labels"":"""",""stars_earned"":3,""badges_awarded"":[],""policy_version"":""v2_best_completed_attempt_2026_05"",""best_completed_xp"":40,""base_xp_for_attempt"":40,""best_completion_streak"":13,""current_completion_streak"":1},""unlocked_topics"":[],""practice_summary"":{""passed"":true,""total_tests"":4,""hidden_total"":1,""total_passed"":4,""hidden_passed"":1,""visible_total"":3,""visible_passed"":3}}",2026-06-07 17:29:04.867605+00
368,20260607_173326_mlf_001,mlf_001,lesson_started,"{""phase"":""awaiting_user_answers"",""status"":""in_progress"",""selection_mode"":""retry""}",2026-06-07 17:33:28.356743+00
369,20260607_173326_mlf_001,mlf_001,answers_saved,"{""source"":""mission_tab_save"",""answer_count"":4}",2026-06-08 15:03:44.228384+00
370,20260607_173326_mlf_001,mlf_001,answers_saved,"{""source"":""mission_tab_save"",""answer_count"":4}",2026-06-08 15:03:54.10353+00
371,20260607_173326_mlf_001,mlf_001,draft_verified,"{""weak_count"":3,""partial_count"":0,""likely_average"":1.75,""recommendation"":""Do not submit yet. Fix empty responses or flagged technical/unsafe claims first."",""four_star_ready"":false,""readiness_average"":1.75,""submit_ready_count"":1}",2026-06-08 15:03:54.868844+00
372,20260607_173326_mlf_001,mlf_001,answers_saved,"{""source"":""mission_tab_save"",""answer_count"":4}",2026-06-08 17:26:02.56136+00
373,20260607_173326_mlf_001,mlf_001,answers_saved,"{""source"":""mission_tab_save"",""answer_count"":4}",2026-06-08 17:26:09.207315+00
374,20260607_173326_mlf_001,mlf_001,draft_verified,"{""weak_count"":1,""partial_count"":0,""likely_average"":3.25,""recommendation"":""Do not submit yet. Fix empty responses or flagged technical/unsafe claims first."",""four_star_ready"":false,""readiness_average"":3.25,""submit_ready_count"":3}",2026-06-08 17:26:09.811326+00
375,20260607_173326_mlf_001,mlf_001,answers_saved,"{""source"":""mission_tab_save"",""answer_count"":4}",2026-06-08 17:29:05.933255+00
376,20260607_173326_mlf_001,mlf_001,answers_saved,"{""source"":""mission_tab_save"",""answer_count"":4}",2026-06-08 17:29:37.051607+00
377,20260607_173326_mlf_001,mlf_001,draft_verified,"{""weak_count"":1,""partial_count"":0,""likely_average"":3.25,""recommendation"":""Do not submit yet. Fix empty responses or flagged technical/unsafe claims first."",""four_star_ready"":false,""readiness_average"":3.25,""submit_ready_count"":3}",2026-06-08 17:29:37.661609+00
378,20260607_173326_mlf_001,mlf_001,answers_saved,"{""source"":""mission_tab_save"",""answer_count"":4}",2026-06-08 17:32:05.065039+00
379,20260607_173326_mlf_001,mlf_001,answers_saved,"{""source"":""mission_tab_save"",""answer_count"":4}",2026-06-08 17:32:16.317761+00
380,20260607_173326_mlf_001,mlf_001,draft_verified,"{""weak_count"":0,""partial_count"":0,""likely_average"":4,""recommendation"":""No blocking technical issue detected by the draft guardrail. Final evaluation will judge whether your reasoning demonstrates each evidence task."",""four_star_ready"":true,""readiness_average"":4,""submit_ready_count"":4}",2026-06-08 17:32:16.91819+00
381,20260607_173326_mlf_001,mlf_001,answers_saved,"{""source"":""mission_tab_save"",""answer_count"":4}",2026-06-08 17:32:33.910288+00
382,20260607_173326_mlf_001,mlf_001,evaluation_complete,"{""scores"":{""communication"":2,""conceptual_clarity"":2,""architect_reasoning"":2,""practical_reasoning"":2},""status"":""revise"",""decision"":""revise"",""reward_summary"":{""run_id"":""20260607_173326_mlf_001"",""scores"":{""communication"":2,""conceptual_clarity"":2,""architect_reasoning"":2,""practical_reasoning"":2},""decision"":""revise"",""topic_id"":""mlf_001"",""total_xp"":1200,""completed"":false,""xp_earned"":0,""xp_policy"":""best_completed_attempt_per_topic"",""best_stars"":3,""topic_title"":""What machine learning is actually learning"",""badge_labels"":"""",""stars_earned"":2,""badges_awarded"":[],""policy_version"":""v2_best_completed_attempt_2026_05"",""best_completed_xp"":40,""base_xp_for_attempt"":0,""best_completion_streak"":13,""current_completion_streak"":0},""unlocked_topics"":[],""practice_summary"":{}}",2026-06-08 17:32:54.148305+00
383,,,version_upgrade_applied,"{""type"":""progress_reconciliation"",""version"":""mlos_v2_learning_reset_2026_06_14""}",2026-06-14 14:15:57.24447+00
384,,,version_upgrade_applied,"{""type"":""progress_reconciliation"",""version"":""mlos_v2_learning_reset_2026_06_14""}",2026-06-14 14:20:46.227243+00
385,20260518_173232_mlf_016,mlf_016,stale_active_run_auto_abandoned,"{""reason"":""Active local run topic is already completed in durable progress."",""source"":""src.start_lesson""}",2026-06-14 16:42:15.903153+00
386,20260614_164217_mlf_009,mlf_009,lesson_started,"{""phase"":""awaiting_user_answers"",""status"":""in_progress"",""selection_mode"":""manual_selected""}",2026-06-14 16:42:19.327921+00
387,20260614_164217_mlf_009,mlf_009,answers_saved,"{""source"":""mission_tab_save"",""answer_count"":4}",2026-06-14 16:58:32.610163+00
388,20260614_164217_mlf_009,mlf_009,answers_saved,"{""source"":""mission_tab_save"",""answer_count"":4}",2026-06-14 16:58:40.321814+00
389,20260614_164217_mlf_009,mlf_009,draft_verified,"{""weak_count"":3,""partial_count"":0,""likely_average"":1.75,""recommendation"":""Do not submit yet. Fix empty responses or flagged technical/unsafe claims first."",""four_star_ready"":false,""readiness_average"":1.75,""submit_ready_count"":1}",2026-06-14 16:58:40.897675+00
390,20260614_164217_mlf_009,mlf_009,answers_saved,"{""source"":""mission_tab_save"",""answer_count"":4}",2026-06-14 17:05:02.34577+00
391,20260614_164217_mlf_009,mlf_009,answers_saved,"{""source"":""mission_tab_save"",""answer_count"":4}",2026-06-14 17:05:08.431691+00
392,20260614_164217_mlf_009,mlf_009,draft_verified,"{""weak_count"":2,""partial_count"":1,""likely_average"":2.25,""recommendation"":""Do not submit yet. Fix empty responses or flagged technical/unsafe claims first."",""four_star_ready"":false,""readiness_average"":2.25,""submit_ready_count"":1}",2026-06-14 17:05:09.026527+00
393,20260614_164217_mlf_009,mlf_009,answers_saved,"{""source"":""mission_tab_save"",""answer_count"":4}",2026-06-14 17:06:12.840886+00
394,20260614_164217_mlf_009,mlf_009,answers_saved,"{""source"":""mission_tab_save"",""answer_count"":4}",2026-06-14 17:06:30.121216+00
395,20260614_164217_mlf_009,mlf_009,draft_verified,"{""weak_count"":2,""partial_count"":1,""likely_average"":2.25,""recommendation"":""Do not submit yet. Fix empty responses or flagged technical/unsafe claims first."",""four_star_ready"":false,""readiness_average"":2.25,""submit_ready_count"":1}",2026-06-14 17:06:30.723646+00
396,20260614_164217_mlf_009,mlf_009,answers_saved,"{""source"":""mission_tab_save"",""answer_count"":4}",2026-06-14 17:10:05.477263+00
397,20260614_164217_mlf_009,mlf_009,answers_saved,"{""source"":""mission_tab_save"",""answer_count"":4}",2026-06-14 17:49:20.056952+00
398,20260614_164217_mlf_009,mlf_009,answers_saved,"{""source"":""mission_tab_save"",""answer_count"":4}",2026-06-14 17:52:06.417805+00
399,20260614_164217_mlf_009,mlf_009,answers_saved,"{""source"":""mission_tab_save"",""answer_count"":4}",2026-06-14 17:52:14.847023+00
400,20260614_164217_mlf_009,mlf_009,draft_verified,"{""weak_count"":1,""partial_count"":2,""likely_average"":2.75,""recommendation"":""Do not submit yet. Fix empty responses or flagged technical/unsafe claims first."",""four_star_ready"":false,""readiness_average"":2.75,""submit_ready_count"":1}",2026-06-14 17:52:15.425534+00
401,20260614_164217_mlf_009,mlf_009,answers_saved,"{""source"":""mission_tab_save"",""answer_count"":4}",2026-06-14 17:54:35.176694+00
402,20260614_164217_mlf_009,mlf_009,answers_saved,"{""source"":""mission_tab_save"",""answer_count"":4}",2026-06-14 17:54:42.486189+00
403,20260614_164217_mlf_009,mlf_009,draft_verified,"{""weak_count"":1,""partial_count"":1,""likely_average"":3,""recommendation"":""Do not submit yet. Fix empty responses or flagged technical/unsafe claims first."",""four_star_ready"":false,""readiness_average"":3,""submit_ready_count"":2}",2026-06-14 17:54:43.07797+00
404,20260614_164217_mlf_009,mlf_009,answers_saved,"{""source"":""mission_tab_save"",""answer_count"":4}",2026-06-14 17:55:53.621281+00
405,20260614_164217_mlf_009,mlf_009,answers_saved,"{""source"":""mission_tab_save"",""answer_count"":4}",2026-06-14 17:56:03.192167+00
406,20260614_164217_mlf_009,mlf_009,draft_verified,"{""weak_count"":1,""partial_count"":0,""likely_average"":3.25,""recommendation"":""Do not submit yet. Fix empty responses or flagged technical/unsafe claims first."",""four_star_ready"":false,""readiness_average"":3.25,""submit_ready_count"":3}",2026-06-14 17:56:03.791718+00
407,20260614_164217_mlf_009,mlf_009,answers_saved,"{""source"":""mission_tab_save"",""answer_count"":4}",2026-06-14 18:03:18.143723+00
408,20260614_164217_mlf_009,mlf_009,answers_saved,"{""source"":""mission_tab_save"",""answer_count"":4}",2026-06-14 18:09:53.17033+00
409,20260614_164217_mlf_009,mlf_009,draft_verified,"{""weak_count"":0,""partial_count"":0,""likely_average"":4,""recommendation"":""No blocking technical issue detected by the draft guardrail. Final evaluation will judge whether your reasoning demonstrates each evidence task."",""four_star_ready"":true,""readiness_average"":4,""submit_ready_count"":4}",2026-06-14 18:09:53.766276+00
410,20260614_164217_mlf_009,mlf_009,practice_submission_saved,"{""has_result"":true,""exercise_id"":""mlf_009_accuracy_can_lie_v1""}",2026-06-14 18:13:02.086402+00
411,20260614_164217_mlf_009,mlf_009,answers_saved,"{""source"":""mission_tab_save"",""answer_count"":4}",2026-06-14 18:13:41.469213+00
412,20260614_164217_mlf_009,mlf_009,practice_submission_saved,"{""has_result"":false,""exercise_id"":""mlf_009_accuracy_can_lie_v1""}",2026-06-14 18:13:41.845268+00
413,20260614_164217_mlf_009,mlf_009,evaluation_complete,"{""scores"":{""communication"":3,""conceptual_clarity"":3,""architect_reasoning"":2,""practical_reasoning"":3},""status"":""completed"",""decision"":""borderline"",""reward_summary"":{""run_id"":""20260614_164217_mlf_009"",""scores"":{""communication"":3,""conceptual_clarity"":3,""architect_reasoning"":2,""practical_reasoning"":3},""decision"":""borderline"",""topic_id"":""mlf_009"",""total_xp"":1205,""completed"":true,""xp_earned"":5,""xp_policy"":""best_completed_attempt_per_topic"",""best_stars"":3,""topic_title"":""Why accuracy can lie"",""badge_labels"":"""",""stars_earned"":3,""badges_awarded"":[],""policy_version"":""v2_best_completed_attempt_2026_05"",""best_completed_xp"":40,""base_xp_for_attempt"":40,""best_completion_streak"":13,""current_completion_streak"":1},""unlocked_topics"":[],""practice_summary"":{""passed"":true,""total_tests"":4,""hidden_total"":2,""total_passed"":4,""hidden_passed"":2,""visible_total"":2,""visible_passed"":2}}",2026-06-14 18:14:20.651958+00
414,20260614_181923_mlf_010,mlf_010,lesson_started,"{""phase"":""awaiting_user_answers"",""status"":""in_progress"",""selection_mode"":""manual_selected""}",2026-06-14 18:19:25.324973+00
415,20260614_181923_mlf_010,mlf_010,answers_saved,"{""source"":""mission_tab_save"",""answer_count"":4}",2026-06-20 13:16:42.584613+00
416,20260614_181923_mlf_010,mlf_010,answers_saved,"{""source"":""mission_tab_save"",""answer_count"":4}",2026-06-20 13:16:55.101437+00
417,20260614_181923_mlf_010,mlf_010,draft_verified,"{""weak_count"":3,""partial_count"":0,""likely_average"":1.75,""recommendation"":""Do not submit yet. Fix empty responses or flagged technical/unsafe claims first."",""four_star_ready"":false,""readiness_average"":1.75,""submit_ready_count"":1}",2026-06-20 13:16:55.691237+00
418,20260614_181923_mlf_010,mlf_010,answers_saved,"{""source"":""mission_tab_save"",""answer_count"":4}",2026-06-20 13:33:52.657545+00
419,20260614_181923_mlf_010,mlf_010,answers_saved,"{""source"":""mission_tab_save"",""answer_count"":4}",2026-06-20 13:33:59.943384+00
420,20260614_181923_mlf_010,mlf_010,draft_verified,"{""weak_count"":2,""partial_count"":0,""likely_average"":2.5,""recommendation"":""Do not submit yet. Fix empty responses or flagged technical/unsafe claims first."",""four_star_ready"":false,""readiness_average"":2.5,""submit_ready_count"":2}",2026-06-20 13:34:00.517755+00
421,20260614_181923_mlf_010,mlf_010,answers_saved,"{""source"":""mission_tab_save"",""answer_count"":4}",2026-06-20 13:38:55.450727+00
422,20260614_181923_mlf_010,mlf_010,answers_saved,"{""source"":""mission_tab_save"",""answer_count"":4}",2026-06-20 13:39:03.08896+00
423,20260614_181923_mlf_010,mlf_010,answers_saved,"{""source"":""mission_tab_save"",""answer_count"":4}",2026-06-20 13:39:09.801587+00
424,20260614_181923_mlf_010,mlf_010,draft_verified,"{""weak_count"":1,""partial_count"":0,""likely_average"":3.25,""recommendation"":""Do not submit yet. Fix empty responses or flagged technical/unsafe claims first."",""four_star_ready"":false,""readiness_average"":3.25,""submit_ready_count"":3}",2026-06-20 13:39:10.374708+00
425,20260614_181923_mlf_010,mlf_010,answers_saved,"{""source"":""mission_tab_save"",""answer_count"":4}",2026-06-20 13:43:07.497747+00
426,20260614_181923_mlf_010,mlf_010,answers_saved,"{""source"":""mission_tab_save"",""answer_count"":4}",2026-06-20 13:43:14.352223+00
427,20260614_181923_mlf_010,mlf_010,draft_verified,"{""weak_count"":0,""partial_count"":0,""likely_average"":4,""recommendation"":""No blocking technical issue detected by the draft guardrail. Final evaluation will judge whether your reasoning demonstrates each evidence task."",""four_star_ready"":true,""readiness_average"":4,""submit_ready_count"":4}",2026-06-20 13:43:14.927476+00
428,20260614_181923_mlf_010,mlf_010,answers_saved,"{""source"":""mission_tab_save"",""answer_count"":4}",2026-06-20 13:43:44.860193+00
429,20260614_181923_mlf_010,mlf_010,evaluation_complete,"{""scores"":{""communication"":2,""conceptual_clarity"":3,""architect_reasoning"":2,""practical_reasoning"":2},""status"":""completed"",""decision"":""borderline"",""reward_summary"":{""run_id"":""20260614_181923_mlf_010"",""scores"":{""communication"":2,""conceptual_clarity"":3,""architect_reasoning"":2,""practical_reasoning"":2},""decision"":""borderline"",""topic_id"":""mlf_010"",""total_xp"":1205,""completed"":true,""xp_earned"":0,""xp_policy"":""best_completed_attempt_per_topic"",""best_stars"":2,""topic_title"":""Precision vs recall"",""badge_labels"":"""",""stars_earned"":2,""badges_awarded"":[],""policy_version"":""v2_best_completed_attempt_2026_05"",""best_completed_xp"":35,""base_xp_for_attempt"":35,""best_completion_streak"":13,""current_completion_streak"":2},""unlocked_topics"":[],""practice_summary"":{}}",2026-06-20 13:44:07.299478+00
430,20260623_162043_mlf_010,mlf_010,lesson_started,"{""phase"":""awaiting_user_answers"",""status"":""in_progress"",""selection_mode"":""manual_selected""}",2026-06-23 16:20:44.898355+00
431,20260623_162043_mlf_010,mlf_010,answers_saved,"{""source"":""mission_tab_save"",""answer_count"":1}",2026-06-28 13:59:08.34392+00
432,20260623_162043_mlf_010,mlf_010,answers_saved,"{""source"":""mission_tab_save"",""answer_count"":1}",2026-06-28 13:59:24.928915+00
433,20260623_162043_mlf_010,mlf_010,draft_verified,"{""weak_count"":3,""partial_count"":0,""likely_average"":1.75,""recommendation"":""Do not submit yet. Fix empty responses or flagged technical/unsafe claims first."",""four_star_ready"":false,""readiness_average"":1.75,""submit_ready_count"":1}",2026-06-28 13:59:25.519598+00
434,20260623_162043_mlf_010,mlf_010,answers_saved,"{""source"":""mission_tab_save"",""answer_count"":1}",2026-06-28 14:02:12.010863+00
435,20260623_162043_mlf_010,mlf_010,mcq_submission_saved,"{""total"":1,""wrong"":[{""id"":""mcq_01"",""correct"":1,""selected"":0}],""passed"":false,""policy"":""Normal lessons require 10+ scored MCQs, >=70%, all critical MCQs correct, plus one short written answer."",""correct"":0,""answered"":1,""topic_id"":""mlf_010"",""score_pct"":0,""minimum_pct"":70,""minimum_items"":10,""critical_failed"":[""mcq_01""],""has_enough_items"":false}",2026-06-28 14:02:12.392315+00
436,20260623_162043_mlf_010,mlf_010,evaluation_complete,"{""scores"":{""communication"":3,""conceptual_clarity"":2,""architect_reasoning"":2,""practical_reasoning"":2},""status"":""revise"",""decision"":""revise"",""reward_summary"":{""run_id"":""20260623_162043_mlf_010"",""scores"":{""communication"":3,""conceptual_clarity"":2,""architect_reasoning"":2,""practical_reasoning"":2},""decision"":""revise"",""topic_id"":""mlf_010"",""total_xp"":1205,""completed"":false,""xp_earned"":0,""xp_policy"":""best_completed_attempt_per_topic"",""best_stars"":2,""topic_title"":""Precision vs recall"",""badge_labels"":"""",""stars_earned"":2,""badges_awarded"":[],""policy_version"":""v2_best_completed_attempt_2026_05"",""best_completed_xp"":35,""base_xp_for_attempt"":0,""best_completion_streak"":13,""current_completion_streak"":0},""unlocked_topics"":[],""practice_summary"":{}}",2026-06-28 14:02:43.447917+00
437,20260628_140510_mlf_010,mlf_010,lesson_started,"{""phase"":""awaiting_user_answers"",""status"":""in_progress"",""selection_mode"":""manual_selected""}",2026-06-28 14:05:12.333794+00
438,20260628_140510_mlf_010,mlf_010,answers_saved,"{""source"":""mission_tab_save"",""answer_count"":1}",2026-06-28 14:06:45.349861+00
439,20260628_140510_mlf_010,mlf_010,answers_saved,"{""source"":""mission_tab_save"",""answer_count"":1}",2026-06-28 14:06:55.348097+00
440,20260628_140510_mlf_010,mlf_010,draft_verified,"{""weak_count"":0,""partial_count"":0,""likely_average"":4,""recommendation"":""No blocking technical issue detected by the draft guardrail. Final evaluation will judge whether your reasoning demonstrates each evidence task."",""four_star_ready"":false,""readiness_average"":4,""submit_ready_count"":1}",2026-06-28 14:06:55.936651+00
441,20260628_140510_mlf_010,mlf_010,answers_saved,"{""source"":""mission_tab_save"",""answer_count"":1}",2026-06-28 14:07:08.983472+00
442,20260628_140510_mlf_010,mlf_010,mcq_submission_saved,"{""total"":1,""wrong"":[{""id"":""mcq_01"",""correct"":1,""selected"":0}],""passed"":false,""policy"":""Normal lessons require 10+ scored MCQs, >=70%, all critical MCQs correct, plus one short written answer."",""correct"":0,""answered"":1,""topic_id"":""mlf_010"",""score_pct"":0,""minimum_pct"":70,""minimum_items"":10,""critical_failed"":[""mcq_01""],""has_enough_items"":false}",2026-06-28 14:07:09.373838+00
443,20260628_140510_mlf_010,mlf_010,evaluation_complete,"{""scores"":{""communication"":3,""conceptual_clarity"":2,""architect_reasoning"":2,""practical_reasoning"":2},""status"":""revise"",""decision"":""revise"",""reward_summary"":{""run_id"":""20260628_140510_mlf_010"",""scores"":{""communication"":3,""conceptual_clarity"":2,""architect_reasoning"":2,""practical_reasoning"":2},""decision"":""revise"",""topic_id"":""mlf_010"",""total_xp"":1205,""completed"":false,""xp_earned"":0,""xp_policy"":""best_completed_attempt_per_topic"",""best_stars"":2,""topic_title"":""Precision vs recall"",""badge_labels"":"""",""stars_earned"":2,""badges_awarded"":[],""policy_version"":""v2_best_completed_attempt_2026_05"",""best_completed_xp"":35,""base_xp_for_attempt"":0,""best_completion_streak"":13,""current_completion_streak"":0},""unlocked_topics"":[],""practice_summary"":{}}",2026-06-28 14:07:37.301724+00
444,20260628_140853_mlf_010,mlf_010,lesson_started,"{""phase"":""awaiting_user_answers"",""status"":""in_progress"",""selection_mode"":""manual_selected""}",2026-06-28 14:08:54.908598+00
445,20260628_140853_mlf_010,mlf_010,answers_saved,"{""source"":""mission_tab_save"",""answer_count"":1}",2026-06-28 14:09:48.076891+00
446,20260628_140853_mlf_010,mlf_010,answers_saved,"{""source"":""mission_tab_save"",""answer_count"":1}",2026-06-28 14:11:36.466434+00
447,20260628_140853_mlf_010,mlf_010,draft_verified,"{""weak_count"":0,""partial_count"":0,""likely_average"":4,""recommendation"":""No blocking technical issue detected by the draft guardrail. Final evaluation will judge whether your reasoning demonstrates each evidence task."",""four_star_ready"":false,""readiness_average"":4,""submit_ready_count"":1}",2026-06-28 14:11:37.039279+00
448,20260628_140853_mlf_010,mlf_010,answers_saved,"{""source"":""mission_tab_save"",""answer_count"":1}",2026-06-28 14:11:50.373205+00
449,20260628_140853_mlf_010,mlf_010,mcq_submission_saved,"{""total"":1,""wrong"":[{""id"":""mcq_01"",""correct"":1,""selected"":0}],""passed"":false,""policy"":""Normal lessons require 10+ scored MCQs, >=70%, all critical MCQs correct, plus one short written answer."",""correct"":0,""answered"":1,""topic_id"":""mlf_010"",""score_pct"":0,""minimum_pct"":70,""minimum_items"":10,""critical_failed"":[""mcq_01""],""has_enough_items"":false}",2026-06-28 14:11:50.76847+00
450,20260628_140853_mlf_010,mlf_010,evaluation_complete,"{""scores"":{""communication"":3,""conceptual_clarity"":2,""architect_reasoning"":2,""practical_reasoning"":1},""status"":""revise"",""decision"":""revise"",""reward_summary"":{""run_id"":""20260628_140853_mlf_010"",""scores"":{""communication"":3,""conceptual_clarity"":2,""architect_reasoning"":2,""practical_reasoning"":1},""decision"":""revise"",""topic_id"":""mlf_010"",""total_xp"":1205,""completed"":false,""xp_earned"":0,""xp_policy"":""best_completed_attempt_per_topic"",""best_stars"":2,""topic_title"":""Precision vs recall"",""badge_labels"":"""",""stars_earned"":2,""badges_awarded"":[],""policy_version"":""v2_best_completed_attempt_2026_05"",""best_completed_xp"":35,""base_xp_for_attempt"":0,""best_completion_streak"":13,""current_completion_streak"":0},""unlocked_topics"":[],""practice_summary"":{}}",2026-06-28 14:12:15.3688+00
451,20260628_141317_mlf_010,mlf_010,lesson_started,"{""phase"":""awaiting_user_answers"",""status"":""in_progress"",""selection_mode"":""manual_selected""}",2026-06-28 14:13:18.53688+00
452,20260628_141317_mlf_010,mlf_010,answers_saved,"{""source"":""mission_tab_save"",""answer_count"":1}",2026-06-28 15:01:02.305813+00
453,20260628_141317_mlf_010,mlf_010,answers_saved,"{""source"":""mission_tab_save"",""answer_count"":1}",2026-06-28 15:01:27.1919+00
454,20260628_141317_mlf_010,mlf_010,answers_saved,"{""source"":""mission_tab_save"",""answer_count"":1}",2026-06-28 15:01:35.159854+00
455,20260628_141317_mlf_010,mlf_010,draft_verified,"{""weak_count"":0,""partial_count"":0,""likely_average"":4,""recommendation"":""No blocking technical issue detected by the draft guardrail. Final evaluation will judge whether your reasoning demonstrates each evidence task."",""four_star_ready"":false,""readiness_average"":4,""submit_ready_count"":1}",2026-06-28 15:01:35.760022+00
456,20260628_141317_mlf_010,mlf_010,answers_saved,"{""source"":""mission_tab_save"",""answer_count"":1}",2026-06-28 15:01:48.287396+00
457,20260628_141317_mlf_010,mlf_010,mcq_submission_saved,"{""total"":1,""wrong"":[{""id"":""mcq_01"",""correct"":1,""selected"":0}],""passed"":false,""policy"":""Normal lessons require 10+ scored MCQs, >=70%, all critical MCQs correct, plus one short written answer."",""correct"":0,""answered"":1,""topic_id"":""mlf_010"",""score_pct"":0,""minimum_pct"":70,""minimum_items"":10,""critical_failed"":[""mcq_01""],""has_enough_items"":false}",2026-06-28 15:01:48.670302+00
458,20260628_141317_mlf_010,mlf_010,evaluation_complete,"{""scores"":{""communication"":3,""conceptual_clarity"":2,""architect_reasoning"":2,""practical_reasoning"":2},""status"":""revise"",""decision"":""revise"",""reward_summary"":{""run_id"":""20260628_141317_mlf_010"",""scores"":{""communication"":3,""conceptual_clarity"":2,""architect_reasoning"":2,""practical_reasoning"":2},""decision"":""revise"",""topic_id"":""mlf_010"",""total_xp"":1205,""completed"":false,""xp_earned"":0,""xp_policy"":""best_completed_attempt_per_topic"",""best_stars"":2,""topic_title"":""Precision vs recall"",""badge_labels"":"""",""stars_earned"":2,""badges_awarded"":[],""policy_version"":""v2_best_completed_attempt_2026_05"",""best_completed_xp"":35,""base_xp_for_attempt"":0,""best_completion_streak"":13,""current_completion_streak"":0},""unlocked_topics"":[],""practice_summary"":{}}",2026-06-28 15:02:23.685824+00
459,20260628_150414_mlf_010,mlf_010,lesson_started,"{""phase"":""awaiting_user_answers"",""status"":""in_progress"",""selection_mode"":""manual_selected""}",2026-06-28 15:04:15.684608+00
460,20260628_150414_mlf_010,mlf_010,mcq_submission_saved,"{""total"":1,""wrong"":[],""passed"":false,""policy"":""Normal lessons require 10+ scored MCQs, >=70%, all critical MCQs correct, plus one short written answer."",""correct"":1,""answered"":1,""topic_id"":""mlf_010"",""score_pct"":100,""minimum_pct"":70,""minimum_items"":10,""critical_failed"":[],""has_enough_items"":false}",2026-06-28 15:05:08.843447+00
461,20260628_150414_mlf_010,mlf_010,answers_saved,"{""source"":""mission_tab_save"",""answer_count"":1}",2026-06-28 15:06:12.195017+00
462,20260628_150414_mlf_010,mlf_010,mcq_submission_saved,"{""total"":1,""wrong"":[],""passed"":false,""policy"":""Normal lessons require 10+ scored MCQs, >=70%, all critical MCQs correct, plus one short written answer."",""correct"":1,""answered"":1,""topic_id"":""mlf_010"",""score_pct"":100,""minimum_pct"":70,""minimum_items"":10,""critical_failed"":[],""has_enough_items"":false}",2026-06-28 15:06:12.60445+00
463,20260628_150414_mlf_010,mlf_010,evaluation_complete,"{""scores"":{""communication"":3,""conceptual_clarity"":2,""architect_reasoning"":2,""practical_reasoning"":2},""status"":""revise"",""decision"":""revise"",""reward_summary"":{""run_id"":""20260628_150414_mlf_010"",""scores"":{""communication"":3,""conceptual_clarity"":2,""architect_reasoning"":2,""practical_reasoning"":2},""decision"":""revise"",""topic_id"":""mlf_010"",""total_xp"":1205,""completed"":false,""xp_earned"":0,""xp_policy"":""best_completed_attempt_per_topic"",""best_stars"":2,""topic_title"":""Precision vs recall"",""badge_labels"":"""",""stars_earned"":2,""badges_awarded"":[],""policy_version"":""v2_best_completed_attempt_2026_05"",""best_completed_xp"":35,""base_xp_for_attempt"":0,""best_completion_streak"":13,""current_completion_streak"":0},""unlocked_topics"":[],""practice_summary"":{}}",2026-06-28 15:06:44.791782+00
464,20260628_150747_mlf_010,mlf_010,lesson_started,"{""phase"":""awaiting_user_answers"",""status"":""in_progress"",""selection_mode"":""manual_selected""}",2026-06-28 15:07:49.145927+00
465,20260628_150747_mlf_010,mlf_010,answers_saved,"{""source"":""mission_tab_save"",""answer_count"":1}",2026-06-28 15:09:33.786746+00
466,20260628_150747_mlf_010,mlf_010,mcq_submission_saved,"{""total"":1,""wrong"":[],""passed"":false,""policy"":""Normal lessons require 10+ scored MCQs, >=70%, all critical MCQs correct, plus one short written answer."",""correct"":1,""answered"":1,""topic_id"":""mlf_010"",""score_pct"":100,""minimum_pct"":70,""minimum_items"":10,""critical_failed"":[],""has_enough_items"":false}",2026-06-28 15:09:51.274916+00
467,20260628_150747_mlf_010,mlf_010,answers_saved,"{""source"":""mission_tab_save"",""answer_count"":1}",2026-06-28 15:10:37.267783+00
468,20260628_150747_mlf_010,mlf_010,mcq_submission_saved,"{""total"":1,""wrong"":[],""passed"":false,""policy"":""Normal lessons require 10+ scored MCQs, >=70%, all critical MCQs correct, plus one short written answer."",""correct"":1,""answered"":1,""topic_id"":""mlf_010"",""score_pct"":100,""minimum_pct"":70,""minimum_items"":10,""critical_failed"":[],""has_enough_items"":false}",2026-06-28 15:10:37.645344+00
469,20260628_150747_mlf_010,mlf_010,evaluation_complete,"{""scores"":{""communication"":3,""conceptual_clarity"":2,""architect_reasoning"":3,""practical_reasoning"":2},""status"":""revise"",""decision"":""revise"",""reward_summary"":{""run_id"":""20260628_150747_mlf_010"",""scores"":{""communication"":3,""conceptual_clarity"":2,""architect_reasoning"":3,""practical_reasoning"":2},""decision"":""revise"",""topic_id"":""mlf_010"",""total_xp"":1205,""completed"":false,""xp_earned"":0,""xp_policy"":""best_completed_attempt_per_topic"",""best_stars"":2,""topic_title"":""Precision vs recall"",""badge_labels"":"""",""stars_earned"":2,""badges_awarded"":[],""policy_version"":""v2_best_completed_attempt_2026_05"",""best_completed_xp"":35,""base_xp_for_attempt"":0,""best_completion_streak"":13,""current_completion_streak"":0},""unlocked_topics"":[],""practice_summary"":{}}",2026-06-28 15:11:02.525174+00
470,20260628_152121_mlf_010,mlf_010,lesson_started,"{""phase"":""awaiting_user_answers"",""status"":""in_progress"",""selection_mode"":""manual_selected""}",2026-06-28 15:21:22.804421+00
471,20260628_152121_mlf_010,mlf_010,answers_saved,"{""source"":""mission_tab_save"",""answer_count"":1}",2026-06-28 15:22:23.751777+00
472,20260628_152121_mlf_010,mlf_010,mcq_submission_saved,"{""total"":10,""wrong"":[],""passed"":true,""policy"":""Normal lessons score all available MCQs for the run, target 10+, require >=70%, all critical checks correct, plus one short written answer."",""correct"":10,""answered"":10,""topic_id"":""mlf_010"",""score_pct"":100,""minimum_pct"":70,""target_items"":10,""minimum_items"":10,""critical_failed"":[],""has_enough_items"":true}",2026-06-28 15:32:12.493592+00
473,20260628_152121_mlf_010,mlf_010,answers_saved,"{""source"":""mission_tab_save"",""answer_count"":1}",2026-06-28 15:32:27.390876+00
474,20260628_152121_mlf_010,mlf_010,mcq_submission_saved,"{""total"":10,""wrong"":[],""passed"":true,""policy"":""Normal lessons score all available MCQs for the run, target 10+, require >=70%, all critical checks correct, plus one short written answer."",""correct"":10,""answered"":10,""topic_id"":""mlf_010"",""score_pct"":100,""minimum_pct"":70,""target_items"":10,""minimum_items"":10,""critical_failed"":[],""has_enough_items"":true}",2026-06-28 15:32:27.786854+00
475,20260628_152121_mlf_010,mlf_010,evaluation_complete,"{""scores"":{""communication"":3,""conceptual_clarity"":4,""architect_reasoning"":3,""practical_reasoning"":3},""status"":""completed"",""decision"":""borderline"",""reward_summary"":{""run_id"":""20260628_152121_mlf_010"",""scores"":{""communication"":3,""conceptual_clarity"":4,""architect_reasoning"":3,""practical_reasoning"":3},""decision"":""borderline"",""topic_id"":""mlf_010"",""total_xp"":1210,""completed"":true,""xp_earned"":5,""xp_policy"":""best_completed_attempt_per_topic"",""best_stars"":3,""topic_title"":""Precision vs recall"",""badge_labels"":"""",""stars_earned"":3,""badges_awarded"":[],""policy_version"":""v2_best_completed_attempt_2026_05"",""best_completed_xp"":40,""base_xp_for_attempt"":40,""best_completion_streak"":13,""current_completion_streak"":1},""unlocked_topics"":[],""practice_summary"":{}}",2026-06-28 15:33:08.175411+00
476,20260628_153649_aia_001,aia_001,lesson_started,"{""phase"":""awaiting_user_answers"",""status"":""in_progress"",""selection_mode"":""manual_selected""}",2026-06-28 15:36:51.486545+00
477,20260628_153649_aia_001,aia_001,mcq_submission_saved,"{""total"":10,""wrong"":[],""passed"":true,""policy"":""Normal lessons score all available MCQs for the run, target 10+, require >=70%, all critical checks correct, plus one short written answer."",""correct"":10,""answered"":10,""topic_id"":""aia_001"",""score_pct"":100,""minimum_pct"":70,""target_items"":10,""minimum_items"":10,""critical_failed"":[],""has_enough_items"":true}",2026-06-29 05:37:43.292124+00
478,20260628_153649_aia_001,aia_001,mcq_submission_saved,"{""total"":10,""wrong"":[],""passed"":true,""policy"":""Normal lessons score all available MCQs for the run, target 10+, require >=70%, all critical checks correct, plus one short written answer."",""correct"":10,""answered"":10,""topic_id"":""aia_001"",""score_pct"":100,""minimum_pct"":70,""target_items"":10,""minimum_items"":10,""critical_failed"":[],""has_enough_items"":true}",2026-06-29 05:38:11.877238+00
479,20260628_153649_aia_001,aia_001,answers_saved,"{""source"":""mission_tab_save"",""answer_count"":1}",2026-06-29 05:40:12.642659+00
480,20260628_153649_aia_001,aia_001,mcq_submission_saved,"{""total"":10,""wrong"":[{""id"":""mcq_06"",""correct"":1,""selected"":3},{""id"":""mcq_08"",""correct"":1,""selected"":3},{""id"":""mcq_10"",""correct"":2,""selected"":1}],""passed"":true,""policy"":""Normal lessons score all available MCQs for the run, target 10+, require >=70%, all critical checks correct, plus one short written answer."",""correct"":7,""answered"":10,""topic_id"":""aia_001"",""score_pct"":70,""minimum_pct"":70,""target_items"":10,""minimum_items"":10,""critical_failed"":[],""has_enough_items"":true}",2026-06-29 07:06:19.319757+00
481,20260628_153649_aia_001,aia_001,answers_saved,"{""source"":""mission_tab_save"",""answer_count"":1}",2026-06-29 07:16:46.642222+00
482,20260628_153649_aia_001,aia_001,answers_saved,"{""source"":""mission_tab_save"",""answer_count"":1}",2026-06-29 07:17:11.796327+00
483,20260628_153649_aia_001,aia_001,draft_verified,"{""weak_count"":0,""partial_count"":0,""likely_average"":4,""recommendation"":""No blocking technical issue detected by the draft guardrail. Final evaluation will judge whether your reasoning demonstrates each evidence task."",""four_star_ready"":false,""readiness_average"":4,""submit_ready_count"":1}",2026-06-29 07:17:12.393712+00
484,20260628_153649_aia_001,aia_001,answers_saved,"{""source"":""mission_tab_save"",""answer_count"":1}",2026-06-29 07:18:09.953782+00
485,20260628_153649_aia_001,aia_001,mcq_submission_saved,"{""total"":10,""wrong"":[{""id"":""mcq_02"",""correct"":2,""selected"":3},{""id"":""mcq_04"",""correct"":1,""selected"":3},{""id"":""mcq_06"",""correct"":2,""selected"":3},{""id"":""mcq_08"",""correct"":2,""selected"":3},{""id"":""mcq_09"",""correct"":2,""selected"":3},{""id"":""mcq_10"",""correct"":3,""selected"":1}],""passed"":false,""policy"":""Normal lessons score all available MCQs for the run, target 10+, require >=70%, all critical checks correct, plus one short written answer."",""correct"":4,""answered"":10,""topic_id"":""aia_001"",""score_pct"":40,""minimum_pct"":70,""target_items"":10,""minimum_items"":10,""critical_failed"":[""mcq_02""],""has_enough_items"":true}",2026-06-29 07:18:10.342536+00
486,20260628_153649_aia_001,aia_001,evaluation_complete,"{""scores"":{""communication"":4,""conceptual_clarity"":3,""architect_reasoning"":3,""practical_reasoning"":3},""status"":""completed"",""decision"":""borderline"",""reward_summary"":{""run_id"":""20260628_153649_aia_001"",""scores"":{""communication"":4,""conceptual_clarity"":3,""architect_reasoning"":3,""practical_reasoning"":3},""decision"":""borderline"",""topic_id"":""aia_001"",""total_xp"":1250,""completed"":true,""xp_earned"":40,""xp_policy"":""best_completed_attempt_per_topic"",""best_stars"":3,""topic_title"":""Agentic AI outer layer: what agents actually do"",""badge_labels"":"""",""stars_earned"":3,""badges_awarded"":[],""policy_version"":""v2_best_completed_attempt_2026_05"",""best_completed_xp"":40,""base_xp_for_attempt"":40,""best_completion_streak"":13,""current_completion_streak"":2},""unlocked_topics"":[""aia_002""],""practice_summary"":{}}",2026-06-29 07:18:57.733802+00
487,20260629_072129_aia_002,aia_002,lesson_started,"{""phase"":""awaiting_user_answers"",""status"":""in_progress"",""selection_mode"":""manual_selected""}",2026-06-29 07:21:30.503423+00
488,20260629_072129_aia_002,aia_002,mcq_submission_saved,"{""total"":10,""wrong"":[],""passed"":true,""policy"":""V3.4: score against the MCQs actually displayed in this run. Normal lessons require every displayed MCQ answered, >=70%, all critical checks correct, plus one short written answer."",""correct"":10,""answered"":10,""topic_id"":""aia_002"",""score_pct"":100,""minimum_pct"":70,""target_items"":10,""minimum_items"":10,""critical_failed"":[],""has_enough_items"":true}",2026-06-29 08:28:30.741299+00
489,20260629_072129_aia_002,aia_002,answers_saved,"{""source"":""mission_tab_save"",""answer_count"":1}",2026-06-29 08:31:24.375587+00
490,20260629_072129_aia_002,aia_002,mcq_submission_saved,"{""total"":10,""wrong"":[],""passed"":true,""policy"":""V3.4: score against the MCQs actually displayed in this run. Normal lessons require every displayed MCQ answered, >=70%, all critical checks correct, plus one short written answer."",""correct"":10,""answered"":10,""topic_id"":""aia_002"",""score_pct"":100,""minimum_pct"":70,""target_items"":10,""minimum_items"":10,""critical_failed"":[],""has_enough_items"":true}",2026-06-30 16:38:52.311061+00
491,20260629_072129_aia_002,aia_002,answers_saved,"{""source"":""mission_tab_save"",""answer_count"":1}",2026-06-30 16:43:39.547573+00
492,20260629_072129_aia_002,aia_002,answers_saved,"{""source"":""mission_tab_save"",""answer_count"":1}",2026-06-30 16:45:29.330791+00
493,20260629_072129_aia_002,aia_002,draft_verified,"{""weak_count"":0,""partial_count"":0,""likely_average"":4,""recommendation"":""No blocking technical issue detected by the draft guardrail. Final evaluation will judge whether your reasoning demonstrates each evidence task."",""four_star_ready"":false,""readiness_average"":4,""submit_ready_count"":1}",2026-06-30 16:45:29.908801+00
494,20260629_072129_aia_002,aia_002,answers_saved,"{""source"":""mission_tab_save"",""answer_count"":1}",2026-06-30 16:45:50.550522+00
495,20260629_072129_aia_002,aia_002,mcq_submission_saved,"{""total"":10,""wrong"":[],""passed"":true,""policy"":""V3.4: score against the MCQs actually displayed in this run. Normal lessons require every displayed MCQ answered, >=70%, all critical checks correct, plus one short written answer."",""correct"":10,""answered"":10,""topic_id"":""aia_002"",""score_pct"":100,""minimum_pct"":70,""target_items"":10,""minimum_items"":10,""critical_failed"":[],""has_enough_items"":true}",2026-06-30 16:45:50.93685+00
496,20260629_072129_aia_002,aia_002,evaluation_complete,"{""scores"":{""communication"":2,""conceptual_clarity"":3,""architect_reasoning"":3,""practical_reasoning"":2},""status"":""completed"",""decision"":""borderline"",""reward_summary"":{""run_id"":""20260629_072129_aia_002"",""scores"":{""communication"":2,""conceptual_clarity"":3,""architect_reasoning"":3,""practical_reasoning"":2},""decision"":""borderline"",""topic_id"":""aia_002"",""total_xp"":1285,""completed"":true,""xp_earned"":35,""xp_policy"":""best_completed_attempt_per_topic"",""best_stars"":2,""topic_title"":""Agent loop: goal, plan, tool, observe"",""badge_labels"":"""",""stars_earned"":2,""badges_awarded"":[],""policy_version"":""v2_best_completed_attempt_2026_05"",""best_completed_xp"":35,""base_xp_for_attempt"":35,""best_completion_streak"":13,""current_completion_streak"":3},""unlocked_topics"":[""aia_003""],""practice_summary"":{}}",2026-06-30 16:46:50.194715+00
497,20260701_105830_aia_002,aia_002,lesson_started,"{""phase"":""awaiting_user_answers"",""status"":""in_progress"",""selection_mode"":""manual_selected""}",2026-07-01 10:58:32.030222+00
498,20260701_105830_aia_002,aia_002,mcq_submission_saved,"{""total"":10,""wrong"":[],""passed"":true,""policy"":""V3.5: score stable option IDs from the displayed run order. Correct-answer positions are balanced per run and unanswered items cannot pass."",""correct"":10,""answered"":10,""topic_id"":""aia_002"",""score_pct"":100,""minimum_pct"":70,""target_items"":10,""minimum_items"":10,""critical_failed"":[],""has_enough_items"":true}",2026-07-01 11:11:30.635511+00
499,20260701_105830_aia_002,aia_002,mcq_submission_saved,"{""total"":10,""wrong"":[],""passed"":true,""policy"":""V3.5: score stable option IDs from the displayed run order. Correct-answer positions are balanced per run and unanswered items cannot pass."",""correct"":10,""answered"":10,""topic_id"":""aia_002"",""score_pct"":100,""minimum_pct"":70,""target_items"":10,""minimum_items"":10,""critical_failed"":[],""has_enough_items"":true}",2026-07-10 19:22:56.572277+00
500,20260701_105830_aia_002,aia_002,answers_saved,"{""source"":""mission_tab_save"",""answer_count"":1}",2026-07-10 19:24:00.21442+00
501,20260701_105830_aia_002,aia_002,draft_verified,"{""weak_count"":0,""partial_count"":0,""likely_average"":4,""recommendation"":""No blocking technical issue detected by the draft guardrail. Final evaluation will judge whether your reasoning demonstrates each evidence task."",""four_star_ready"":false,""readiness_average"":4,""submit_ready_count"":1}",2026-07-10 19:24:00.851156+00
502,20260701_105830_aia_002,aia_002,answers_saved,"{""source"":""mission_tab_save"",""answer_count"":1}",2026-07-10 19:24:28.087157+00
503,20260701_105830_aia_002,aia_002,mcq_submission_saved,"{""total"":10,""wrong"":[],""passed"":true,""policy"":""V3.5: score stable option IDs from the displayed run order. Correct-answer positions are balanced per run and unanswered items cannot pass."",""correct"":10,""answered"":10,""topic_id"":""aia_002"",""score_pct"":100,""minimum_pct"":70,""target_items"":10,""minimum_items"":10,""critical_failed"":[],""has_enough_items"":true}",2026-07-10 19:24:28.556904+00
504,20260701_105830_aia_002,aia_002,evaluation_complete,"{""scores"":{""communication"":2,""conceptual_clarity"":2,""architect_reasoning"":3,""practical_reasoning"":2},""status"":""revise"",""decision"":""revise"",""reward_summary"":{""run_id"":""20260701_105830_aia_002"",""scores"":{""communication"":2,""conceptual_clarity"":2,""architect_reasoning"":3,""practical_reasoning"":2},""decision"":""revise"",""topic_id"":""aia_002"",""total_xp"":1285,""completed"":false,""xp_earned"":0,""xp_policy"":""best_completed_attempt_per_topic"",""best_stars"":2,""topic_title"":""Agent loop: goal, plan, tool, observe"",""badge_labels"":"""",""stars_earned"":2,""badges_awarded"":[],""policy_version"":""v2_best_completed_attempt_2026_05"",""best_completed_xp"":35,""base_xp_for_attempt"":0,""best_completion_streak"":13,""current_completion_streak"":0},""unlocked_topics"":[],""practice_summary"":{}}",2026-07-10 19:25:03.649794+00
505,20260710_192555_aia_002,aia_002,lesson_started,"{""phase"":""awaiting_user_answers"",""status"":""in_progress"",""selection_mode"":""manual_selected""}",2026-07-10 19:25:56.841081+00
506,20260710_192555_aia_002,aia_002,mcq_submission_saved,"{""total"":10,""wrong"":[],""passed"":true,""policy"":""V3.5: score stable option IDs from the displayed run order. Correct-answer positions are balanced per run and unanswered items cannot pass."",""correct"":10,""answered"":10,""topic_id"":""aia_002"",""score_pct"":100,""minimum_pct"":70,""target_items"":10,""minimum_items"":10,""critical_failed"":[],""has_enough_items"":true}",2026-07-20 16:55:04.202154+00
507,20260710_192555_aia_002,aia_002,answers_saved,"{""source"":""mission_tab_save"",""answer_count"":1}",2026-07-20 17:02:06.287774+00
508,20260710_192555_aia_002,aia_002,answers_saved,"{""source"":""mission_tab_save"",""answer_count"":1}",2026-07-20 17:02:42.632508+00
509,20260710_192555_aia_002,aia_002,draft_verified,"{""weak_count"":0,""partial_count"":0,""likely_average"":4,""recommendation"":""No blocking technical issue detected by the draft guardrail. Final evaluation will judge whether your reasoning demonstrates each evidence task."",""four_star_ready"":false,""readiness_average"":4,""submit_ready_count"":1}",2026-07-20 17:02:43.19936+00
510,20260710_192555_aia_002,aia_002,answers_saved,"{""source"":""mission_tab_save"",""answer_count"":1}",2026-07-20 17:03:27.323521+00
511,20260710_192555_aia_002,aia_002,mcq_submission_saved,"{""total"":10,""wrong"":[],""passed"":true,""policy"":""V3.5: score stable option IDs from the displayed run order. Correct-answer positions are balanced per run and unanswered items cannot pass."",""correct"":10,""answered"":10,""topic_id"":""aia_002"",""score_pct"":100,""minimum_pct"":70,""target_items"":10,""minimum_items"":10,""critical_failed"":[],""has_enough_items"":true}",2026-07-20 17:03:27.73281+00
512,20260710_192555_aia_002,aia_002,evaluation_complete,"{""scores"":{""communication"":4,""conceptual_clarity"":3,""architect_reasoning"":3,""practical_reasoning"":2},""status"":""completed"",""decision"":""borderline"",""reward_summary"":{""run_id"":""20260710_192555_aia_002"",""scores"":{""communication"":4,""conceptual_clarity"":3,""architect_reasoning"":3,""practical_reasoning"":2},""decision"":""borderline"",""topic_id"":""aia_002"",""total_xp"":1290,""completed"":true,""xp_earned"":5,""xp_policy"":""best_completed_attempt_per_topic"",""best_stars"":3,""topic_title"":""Agent loop: goal, plan, tool, observe"",""badge_labels"":"""",""stars_earned"":3,""badges_awarded"":[],""policy_version"":""v2_best_completed_attempt_2026_05"",""best_completed_xp"":40,""base_xp_for_attempt"":40,""best_completion_streak"":13,""current_completion_streak"":1},""unlocked_topics"":[],""practice_summary"":{}}",2026-07-20 17:04:14.994388+00
513,20260720_170554_aia_002,aia_002,lesson_started,"{""phase"":""awaiting_user_answers"",""status"":""in_progress"",""selection_mode"":""next_unlocked""}",2026-07-20 17:05:55.803008+00
514,20260722_070446_aia_002,aia_002,lesson_started,"{""phase"":""awaiting_user_answers"",""status"":""in_progress"",""selection_mode"":""manual_selected""}",2026-07-22 07:04:48.616702+00
515,20260722_070446_aia_002,aia_002,answers_saved,"{""source"":""mission_tab_save"",""answer_count"":1}",2026-07-22 08:31:52.917268+00
516,20260722_070446_aia_002,aia_002,mcq_submission_saved,"{""total"":10,""wrong"":[],""passed"":true,""policy"":""V3.5: score stable option IDs from the displayed run order. Correct-answer positions are balanced per run and unanswered items cannot pass."",""correct"":10,""answered"":10,""topic_id"":""aia_002"",""score_pct"":100,""minimum_pct"":70,""target_items"":10,""minimum_items"":10,""critical_failed"":[],""has_enough_items"":true}",2026-07-22 08:32:48.092424+00
517,20260722_070446_aia_002,aia_002,answers_saved,"{""source"":""mission_tab_save"",""answer_count"":1}",2026-07-22 08:33:02.224949+00
518,20260722_070446_aia_002,aia_002,mcq_submission_saved,"{""total"":10,""wrong"":[],""passed"":true,""policy"":""V3.5: score stable option IDs from the displayed run order. Correct-answer positions are balanced per run and unanswered items cannot pass."",""correct"":10,""answered"":10,""topic_id"":""aia_002"",""score_pct"":100,""minimum_pct"":70,""target_items"":10,""minimum_items"":10,""critical_failed"":[],""has_enough_items"":true}",2026-07-22 08:33:02.606243+00
519,20260722_070446_aia_002,aia_002,evaluation_complete,"{""scores"":{""communication"":4,""conceptual_clarity"":4,""architect_reasoning"":4,""practical_reasoning"":4},""status"":""completed"",""decision"":""pass"",""reward_summary"":{""run_id"":""20260722_070446_aia_002"",""scores"":{""communication"":4,""conceptual_clarity"":4,""architect_reasoning"":4,""practical_reasoning"":4},""decision"":""pass"",""topic_id"":""aia_002"",""total_xp"":1350,""completed"":true,""xp_earned"":60,""xp_policy"":""best_completed_attempt_per_topic"",""best_stars"":4,""topic_title"":""Agent loop: goal, plan, tool, observe"",""badge_labels"":"""",""stars_earned"":4,""badges_awarded"":[],""policy_version"":""v2_best_completed_attempt_2026_05"",""best_completed_xp"":100,""base_xp_for_attempt"":100,""best_completion_streak"":13,""current_completion_streak"":2},""unlocked_topics"":[],""practice_summary"":{}}",2026-07-22 08:33:42.980691+00
520,20260722_083432_aia_003,aia_003,lesson_started,"{""phase"":""awaiting_user_answers"",""status"":""in_progress"",""selection_mode"":""manual_selected""}",2026-07-22 08:34:34.045767+00
521,20260722_083432_aia_003,aia_003,mcq_submission_saved,"{""total"":10,""wrong"":[{""id"":""mcq_05"",""reason"":""unanswered""},{""id"":""mcq_06"",""reason"":""unanswered""},{""id"":""mcq_07"",""reason"":""unanswered""},{""id"":""mcq_08"",""reason"":""unanswered""},{""id"":""mcq_09"",""reason"":""unanswered""},{""id"":""mcq_10"",""reason"":""unanswered""}],""passed"":false,""policy"":""V3.5: score stable option IDs from the displayed run order. Correct-answer positions are balanced per run and unanswered items cannot pass."",""correct"":4,""answered"":4,""topic_id"":""aia_003"",""score_pct"":40,""minimum_pct"":70,""target_items"":10,""minimum_items"":10,""critical_failed"":[],""has_enough_items"":true}",2026-07-25 20:32:32.243635+00
522,20260722_083432_aia_003,aia_003,mcq_submission_saved,"{""total"":10,""wrong"":[],""passed"":true,""policy"":""V3.5: score stable option IDs from the displayed run order. Correct-answer positions are balanced per run and unanswered items cannot pass."",""correct"":10,""answered"":10,""topic_id"":""aia_003"",""score_pct"":100,""minimum_pct"":70,""target_items"":10,""minimum_items"":10,""critical_failed"":[],""has_enough_items"":true}",2026-07-25 20:35:39.600096+00
523,20260722_083432_aia_003,aia_003,answers_saved,"{""source"":""mission_tab_save"",""answer_count"":1}",2026-07-25 20:41:43.413443+00
524,20260722_083432_aia_003,aia_003,answers_saved,"{""source"":""mission_tab_save"",""answer_count"":1}",2026-07-25 20:42:16.691755+00
525,20260722_083432_aia_003,aia_003,mcq_submission_saved,"{""total"":10,""wrong"":[],""passed"":true,""policy"":""V3.5: score stable option IDs from the displayed run order. Correct-answer positions are balanced per run and unanswered items cannot pass."",""correct"":10,""answered"":10,""topic_id"":""aia_003"",""score_pct"":100,""minimum_pct"":70,""target_items"":10,""minimum_items"":10,""critical_failed"":[],""has_enough_items"":true}",2026-07-25 20:42:17.096712+00
526,20260722_083432_aia_003,aia_003,evaluation_complete,"{""scores"":{""communication"":2,""conceptual_clarity"":3,""architect_reasoning"":3,""practical_reasoning"":2},""status"":""completed"",""decision"":""borderline"",""reward_summary"":{""run_id"":""20260722_083432_aia_003"",""scores"":{""communication"":2,""conceptual_clarity"":3,""architect_reasoning"":3,""practical_reasoning"":2},""decision"":""borderline"",""topic_id"":""aia_003"",""total_xp"":1385,""completed"":true,""xp_earned"":35,""xp_policy"":""best_completed_attempt_per_topic"",""best_stars"":2,""topic_title"":""Tools, memory, guardrails and human checkpoints"",""badge_labels"":"""",""stars_earned"":2,""badges_awarded"":[],""policy_version"":""v2_best_completed_attempt_2026_05"",""best_completed_xp"":35,""base_xp_for_attempt"":35,""best_completion_streak"":13,""current_completion_streak"":3},""unlocked_topics"":[""aia_004""],""practice_summary"":{}}",2026-07-25 20:43:07.894854+00
527,20260727_175947_aia_003,aia_003,lesson_started,"{""phase"":""awaiting_user_answers"",""status"":""in_progress"",""selection_mode"":""manual_selected""}",2026-07-27 17:59:48.6436+00
528,20260727_175947_aia_003,aia_003,answers_saved,"{""source"":""mission_tab_save"",""answer_count"":1}",2026-07-27 18:07:17.820198+00
529,20260727_175947_aia_003,aia_003,answers_saved,"{""source"":""mission_tab_save"",""answer_count"":1}",2026-07-27 18:07:40.370507+00
530,20260727_175947_aia_003,aia_003,draft_verified,"{""weak_count"":0,""partial_count"":0,""likely_average"":4,""recommendation"":""No blocking technical issue detected by the draft guardrail. Final evaluation will judge whether your reasoning demonstrates each evidence task."",""four_star_ready"":false,""readiness_average"":4,""submit_ready_count"":1}",2026-07-27 18:07:41.011031+00
531,20260727_175947_aia_003,aia_003,mcq_submission_saved,"{""total"":10,""wrong"":[],""passed"":true,""policy"":""V3.5: score stable option IDs from the displayed run order. Correct-answer positions are balanced per run and unanswered items cannot pass."",""correct"":10,""answered"":10,""topic_id"":""aia_003"",""score_pct"":100,""minimum_pct"":70,""target_items"":10,""minimum_items"":10,""critical_failed"":[],""has_enough_items"":true}",2026-07-27 18:08:56.823421+00
532,20260727_175947_aia_003,aia_003,answers_saved,"{""source"":""mission_tab_save"",""answer_count"":1}",2026-07-27 18:09:15.838585+00
533,20260727_175947_aia_003,aia_003,mcq_submission_saved,"{""total"":10,""wrong"":[],""passed"":true,""policy"":""V3.5: score stable option IDs from the displayed run order. Correct-answer positions are balanced per run and unanswered items cannot pass."",""correct"":10,""answered"":10,""topic_id"":""aia_003"",""score_pct"":100,""minimum_pct"":70,""target_items"":10,""minimum_items"":10,""critical_failed"":[],""has_enough_items"":true}",2026-07-27 18:09:16.270853+00
534,20260727_175947_aia_003,aia_003,evaluation_complete,"{""scores"":{""communication"":3,""conceptual_clarity"":3,""architect_reasoning"":3,""practical_reasoning"":2},""status"":""completed"",""decision"":""borderline"",""reward_summary"":{""run_id"":""20260727_175947_aia_003"",""scores"":{""communication"":3,""conceptual_clarity"":3,""architect_reasoning"":3,""practical_reasoning"":2},""decision"":""borderline"",""topic_id"":""aia_003"",""total_xp"":1390,""completed"":true,""xp_earned"":5,""xp_policy"":""best_completed_attempt_per_topic"",""best_stars"":3,""topic_title"":""Tools, memory, guardrails and human checkpoints"",""badge_labels"":"""",""stars_earned"":3,""badges_awarded"":[],""policy_version"":""v2_best_completed_attempt_2026_05"",""best_completed_xp"":40,""base_xp_for_attempt"":40,""best_completion_streak"":13,""current_completion_streak"":4},""unlocked_topics"":[],""practice_summary"":{}}",2026-07-27 18:09:57.362679+00
535,20260731_124049_aia_003,aia_003,lesson_started,"{""phase"":""awaiting_user_answers"",""status"":""in_progress"",""selection_mode"":""manual_selected""}",2026-07-31 12:40:51.274832+00
536,20260731_124049_aia_003,aia_003,answers_saved,"{""source"":""mission_tab_save"",""answer_count"":1}",2026-07-31 12:46:39.706448+00
537,20260731_124049_aia_003,aia_003,answers_saved,"{""source"":""mission_tab_save"",""answer_count"":1}",2026-07-31 12:56:31.460773+00
538,20260731_124049_aia_003,aia_003,answers_saved,"{""source"":""mission_tab_save"",""answer_count"":1}",2026-07-31 12:58:06.392813+00
539,20260731_124049_aia_003,aia_003,mcq_submission_saved,"{""total"":10,""wrong"":[],""passed"":true,""policy"":""V3.5: score stable option IDs from the displayed run order. Correct-answer positions are balanced per run and unanswered items cannot pass."",""correct"":10,""answered"":10,""topic_id"":""aia_003"",""score_pct"":100,""minimum_pct"":70,""target_items"":10,""minimum_items"":10,""critical_failed"":[],""has_enough_items"":true}",2026-07-31 12:59:59.1992+00
540,20260731_124049_aia_003,aia_003,answers_saved,"{""source"":""mission_tab_save"",""answer_count"":1}",2026-07-31 13:00:12.982586+00
541,20260731_124049_aia_003,aia_003,mcq_submission_saved,"{""total"":10,""wrong"":[],""passed"":true,""policy"":""V3.5: score stable option IDs from the displayed run order. Correct-answer positions are balanced per run and unanswered items cannot pass."",""correct"":10,""answered"":10,""topic_id"":""aia_003"",""score_pct"":100,""minimum_pct"":70,""target_items"":10,""minimum_items"":10,""critical_failed"":[],""has_enough_items"":true}",2026-07-31 13:00:13.445662+00
542,20260731_124049_aia_003,aia_003,evaluation_complete,"{""scores"":{""communication"":3,""conceptual_clarity"":3,""architect_reasoning"":3,""practical_reasoning"":2},""status"":""completed"",""decision"":""borderline"",""reward_summary"":{""run_id"":""20260731_124049_aia_003"",""scores"":{""communication"":3,""conceptual_clarity"":3,""architect_reasoning"":3,""practical_reasoning"":2},""decision"":""borderline"",""topic_id"":""aia_003"",""total_xp"":1390,""completed"":true,""xp_earned"":0,""xp_policy"":""best_completed_attempt_per_topic"",""best_stars"":3,""topic_title"":""Tools, memory, guardrails and human checkpoints"",""badge_labels"":"""",""stars_earned"":3,""badges_awarded"":[],""policy_version"":""v2_best_completed_attempt_2026_05"",""best_completed_xp"":40,""base_xp_for_attempt"":40,""best_completion_streak"":13,""current_completion_streak"":5},""unlocked_topics"":[],""practice_summary"":{}}",2026-07-31 13:00:53.10665+00
543,20260805_055828_aia_003,aia_003,lesson_started,"{""phase"":""awaiting_user_answers"",""status"":""in_progress"",""selection_mode"":""manual_selected""}",2026-08-05 05:58:30.240759+00
544,20260805_055828_aia_003,aia_003,answers_saved,"{""source"":""mission_tab_save"",""answer_count"":1}",2026-08-05 06:04:04.118585+00
545,20260805_055828_aia_003,aia_003,mcq_submission_saved,"{""total"":10,""wrong"":[],""passed"":true,""policy"":""V3.5: score stable option IDs from the displayed run order. Correct-answer positions are balanced per run and unanswered items cannot pass."",""correct"":10,""answered"":10,""topic_id"":""aia_003"",""score_pct"":100,""minimum_pct"":70,""target_items"":10,""minimum_items"":10,""critical_failed"":[],""has_enough_items"":true}",2026-08-05 06:05:09.120866+00
546,20260805_055828_aia_003,aia_003,answers_saved,"{""source"":""mission_tab_save"",""answer_count"":1}",2026-08-05 06:05:29.926397+00
547,20260805_055828_aia_003,aia_003,mcq_submission_saved,"{""total"":10,""wrong"":[],""passed"":true,""policy"":""V3.5: score stable option IDs from the displayed run order. Correct-answer positions are balanced per run and unanswered items cannot pass."",""correct"":10,""answered"":10,""topic_id"":""aia_003"",""score_pct"":100,""minimum_pct"":70,""target_items"":10,""minimum_items"":10,""critical_failed"":[],""has_enough_items"":true}",2026-08-05 06:05:30.298824+00
548,20260805_055828_aia_003,aia_003,evaluation_complete,"{""scores"":{""communication"":4,""conceptual_clarity"":4,""architect_reasoning"":3,""practical_reasoning"":3},""status"":""completed"",""decision"":""borderline"",""reward_summary"":{""run_id"":""20260805_055828_aia_003"",""scores"":{""communication"":4,""conceptual_clarity"":4,""architect_reasoning"":3,""practical_reasoning"":3},""decision"":""borderline"",""topic_id"":""aia_003"",""total_xp"":1395,""completed"":true,""xp_earned"":5,""xp_policy"":""best_completed_attempt_per_topic"",""best_stars"":4,""topic_title"":""Tools, memory, guardrails and human checkpoints"",""badge_labels"":"""",""stars_earned"":4,""badges_awarded"":[],""policy_version"":""v2_best_completed_attempt_2026_05"",""best_completed_xp"":45,""base_xp_for_attempt"":45,""best_completion_streak"":13,""current_completion_streak"":6},""unlocked_topics"":[],""practice_summary"":{}}",2026-08-05 06:06:14.365048+00
549,20260805_063411_aia_004,aia_004,lesson_started,"{""phase"":""awaiting_user_answers"",""status"":""in_progress"",""selection_mode"":""manual_selected""}",2026-08-05 06:34:13.255876+00
550,20260805_063411_aia_004,aia_004,mcq_submission_saved,"{""total"":10,""wrong"":[],""passed"":true,""policy"":""V3.5: score stable option IDs from the displayed run order. Correct-answer positions are balanced per run and unanswered items cannot pass."",""correct"":10,""answered"":10,""topic_id"":""aia_004"",""score_pct"":100,""minimum_pct"":70,""target_items"":10,""minimum_items"":10,""critical_failed"":[],""has_enough_items"":true}",2026-08-09 07:03:34.864018+00
551,20260805_063411_aia_004,aia_004,answers_saved,"{""source"":""mission_tab_save"",""answer_count"":1}",2026-08-09 07:11:54.42339+00
552,20260805_063411_aia_004,aia_004,answers_saved,"{""source"":""mission_tab_save"",""answer_count"":1}",2026-08-09 07:16:51.019975+00
553,20260805_063411_aia_004,aia_004,answers_saved,"{""source"":""mission_tab_save"",""answer_count"":1}",2026-08-09 07:17:14.149786+00
554,20260805_063411_aia_004,aia_004,draft_verified,"{""weak_count"":0,""partial_count"":0,""likely_average"":4,""recommendation"":""No blocking technical issue detected by the draft guardrail. Final evaluation will judge whether your reasoning demonstrates each evidence task."",""four_star_ready"":false,""readiness_average"":4,""submit_ready_count"":1}",2026-08-09 07:17:14.71271+00
555,20260805_063411_aia_004,aia_004,answers_saved,"{""source"":""mission_tab_save"",""answer_count"":1}",2026-08-09 07:17:40.71287+00
556,20260805_063411_aia_004,aia_004,mcq_submission_saved,"{""total"":10,""wrong"":[],""passed"":true,""policy"":""V3.5: score stable option IDs from the displayed run order. Correct-answer positions are balanced per run and unanswered items cannot pass."",""correct"":10,""answered"":10,""topic_id"":""aia_004"",""score_pct"":100,""minimum_pct"":70,""target_items"":10,""minimum_items"":10,""critical_failed"":[],""has_enough_items"":true}",2026-08-09 07:17:41.095548+00
557,20260805_063411_aia_004,aia_004,evaluation_complete,"{""scores"":{""communication"":3,""conceptual_clarity"":3,""architect_reasoning"":3,""practical_reasoning"":2},""status"":""completed"",""decision"":""borderline"",""reward_summary"":{""run_id"":""20260805_063411_aia_004"",""scores"":{""communication"":3,""conceptual_clarity"":3,""architect_reasoning"":3,""practical_reasoning"":2},""decision"":""borderline"",""topic_id"":""aia_004"",""total_xp"":1435,""completed"":true,""xp_earned"":40,""xp_policy"":""best_completed_attempt_per_topic"",""best_stars"":3,""topic_title"":""Agent planning and task decomposition"",""badge_labels"":"""",""stars_earned"":3,""badges_awarded"":[],""policy_version"":""v2_best_completed_attempt_2026_05"",""best_completed_xp"":40,""base_xp_for_attempt"":40,""best_completion_streak"":13,""current_completion_streak"":7},""unlocked_topics"":[""aia_005""],""practice_summary"":{}}",2026-08-09 07:18:26.584346+00
558,20260809_072249_aia_004,aia_004,lesson_started,"{""phase"":""awaiting_user_answers"",""status"":""in_progress"",""selection_mode"":""manual_selected""}",2026-08-09 07:22:51.083883+00